datetime,season,holiday,workingday,weather,temp,atemp,humidity,windspeed,casual,registered,count
2011-02-17 09:00:00,1,0,1,1,14.76,17.425,57,12.998,16,163,179
2011-10-13 18:00:00,4,0,1,3,25.42,28.79,83,16.9979,20,248,268
2012-01-03 16:00:00,1,0,1,1,5.74,4.545,39,39.0007,7,129,136
2011-07-01 09:00:00,3,0,1,1,30.34,32.575,35,11.0014,58,202,260
2012-10-02 17:00:00,4,0,1,3,25.42,28.03,88,7.0015,38,677,715
2012-12-12 08:00:00,4,0,1,2,10.66,12.88,65,11.0014,18,670,688
2012-01-04 06:00:00,1,0,1,1,0.82,2.275,41,11.0014,0,59,59
2012-01-05 20:00:00,1,0,1,1,12.3,16.665,49,0,5,172,177
2012-02-04 22:00:00,1,0,0,2,9.84,12.88,87,6.0032,4,91,95
2012-05-07 08:00:00,2,0,1,2,20.5,24.24,82,12.998,31,608,639
2012-11-07 04:00:00,4,0,1,2,11.48,12.88,52,19.9995,0,9,9
2011-01-02 03:00:00,1,0,0,2,18.86,22.725,94,12.998,2,4,6
2012-02-18 10:00:00,1,0,0,1,10.66,13.635,81,7.0015,48,157,205
2012-07-03 23:00:00,3,0,1,1,27.06,30.305,83,0,19,152,171
2011-11-19 13:00:00,4,0,0,1,17.22,21.21,30,19.0012,118,245,363
2011-08-11 02:00:00,3,0,1,1,27.06,31.06,54,8.9981,3,8,11
2012-04-05 18:00:00,2,0,1,1,20.5,24.24,31,7.0015,80,618,698
2011-09-16 05:00:00,3,0,1,1,15.58,19.695,76,12.998,2,30,32
2012-05-02 07:00:00,2,0,1,2,22.14,25.76,88,12.998,14,344,358
2011-12-11 08:00:00,4,0,0,1,6.56,11.365,69,0,4,68,72
2012-11-10 12:00:00,4,0,0,1,19.68,23.485,48,0,258,348,606
2011-07-15 09:00:00,3,0,1,1,27.88,31.82,54,12.998,31,176,207
2012-08-09 19:00:00,3,0,1,1,32.8,37.88,55,12.998,90,533,623
2012-03-09 16:00:00,1,0,1,1,19.68,23.485,23,27.9993,51,292,343
2011-09-17 18:00:00,3,0,0,2,21.32,25,72,15.0013,95,234,329
2011-02-07 07:00:00,1,0,1,1,7.38,12.12,86,0,6,89,95
2012-04-06 05:00:00,2,0,1,1,13.12,15.15,53,22.0028,0,23,23
2011-12-02 14:00:00,4,0,1,1,17.22,21.21,44,7.0015,25,145,170
2011-10-18 17:00:00,4,0,1,1,24.6,30.305,60,8.9981,72,553,625
2011-08-01 13:00:00,3,0,1,1,36.9,40.15,31,19.9995,38,112,150
2011-05-07 01:00:00,2,0,0,1,17.22,21.21,82,7.0015,8,50,58
2012-08-03 16:00:00,3,0,1,2,35.26,39.395,41,15.0013,112,380,492
2012-06-19 07:00:00,2,0,1,2,24.6,28.79,78,8.9981,18,462,480
2012-07-11 23:00:00,3,0,1,2,28.7,32.575,58,16.9979,20,132,152
2012-10-11 01:00:00,4,0,1,1,18.04,21.97,47,12.998,1,10,11
2012-12-11 10:00:00,4,0,1,1,14.76,16.665,57,22.0028,12,142,154
2011-07-15 20:00:00,3,0,1,1,28.7,32.575,51,15.0013,92,251,343
2011-12-18 07:00:00,4,0,0,1,8.2,10.605,59,11.0014,1,11,12
2011-08-18 12:00:00,3,0,1,1,32.8,37.12,52,19.0012,34,139,173
2011-06-09 08:00:00,2,0,1,2,31.16,36.365,70,7.0015,32,400,432
2011-11-16 04:00:00,4,0,1,2,18.04,21.97,100,15.0013,1,3,4
2012-11-03 04:00:00,4,0,0,2,13.12,15.15,49,19.9995,8,8,16
2012-12-19 19:00:00,4,0,1,1,15.58,19.695,50,26.0027,7,329,336
2012-03-15 21:00:00,1,0,1,1,22.14,25.76,68,19.0012,36,207,243
2011-08-11 07:00:00,3,0,1,1,27.06,31.06,54,8.9981,15,292,307
2012-03-04 16:00:00,1,0,0,1,14.76,15.91,29,32.9975,68,231,299
2011-10-13 04:00:00,4,0,1,2,22.14,25.76,100,7.0015,2,5,7
2011-11-14 06:00:00,4,0,1,2,18.04,21.97,72,15.0013,10,104,114
2012-03-02 18:00:00,1,0,1,3,14.76,17.425,87,12.998,6,154,160
2011-03-06 01:00:00,1,0,0,2,17.22,21.21,77,19.0012,12,27,39
2011-08-14 22:00:00,3,0,0,3,24.6,27.275,88,32.9975,14,25,39
2012-11-06 03:00:00,4,0,1,1,9.02,12.12,64,7.0015,0,4,4
2011-05-07 22:00:00,2,0,0,1,22.14,25.76,49,12.998,26,94,120
2012-07-12 18:00:00,3,0,1,1,31.16,34.09,45,8.9981,86,739,825
2011-11-04 20:00:00,4,0,1,1,14.76,16.665,43,19.0012,15,171,186
2012-11-11 18:00:00,4,0,0,1,21.32,25,45,8.9981,102,303,405
2012-11-10 05:00:00,4,0,0,1,11.48,15.91,87,0,1,9,10
2011-02-14 05:00:00,1,0,1,1,13.12,15.15,53,19.0012,0,3,3
2012-07-14 13:00:00,3,0,0,2,31.16,35.605,62,6.0032,219,372,591
2011-05-10 23:00:00,2,0,1,2,21.32,25,59,8.9981,9,72,81
2011-01-08 12:00:00,1,0,0,2,8.2,9.09,59,23.9994,8,90,98
2012-05-18 18:00:00,2,0,1,1,26.24,31.06,38,15.0013,99,570,669
2012-12-15 01:00:00,4,0,0,2,10.66,14.395,81,6.0032,9,86,95
2012-05-13 23:00:00,2,0,0,2,25.42,31.06,57,15.0013,17,57,74
2011-01-16 04:00:00,1,0,0,1,10.66,12.88,56,11.0014,0,1,1
2011-03-06 17:00:00,1,0,0,3,13.94,15.15,100,19.9995,2,23,25
2012-11-07 16:00:00,4,0,1,2,13.12,14.395,53,23.9994,23,250,273
2012-01-14 15:00:00,1,0,0,1,9.84,10.605,38,19.9995,49,177,226
2011-05-12 06:00:00,2,0,1,1,18.04,21.97,88,0,9,103,112
2012-12-16 18:00:00,4,0,0,3,15.58,19.695,82,7.0015,8,99,107
2011-12-12 15:00:00,4,0,1,2,13.12,16.665,57,7.0015,8,124,132
2011-05-19 10:00:00,2,0,1,2,22.14,25.76,83,0,35,95,130
2011-08-08 02:00:00,3,0,1,1,27.06,29.545,89,0,4,3,7
2012-02-03 01:00:00,1,0,1,1,12.3,13.635,56,22.0028,3,19,22
2011-07-07 16:00:00,3,0,1,1,35.26,38.635,39,15.0013,47,218,265
2011-09-08 00:00:00,3,0,1,3,24.6,25,100,12.998,3,11,14
2011-10-08 05:00:00,4,0,0,1,17.22,21.21,88,7.0015,1,7,8
2011-11-01 23:00:00,4,0,1,1,13.94,18.18,87,0,11,61,72
2011-12-12 04:00:00,4,0,1,1,7.38,12.12,74,0,0,3,3
2011-02-08 13:00:00,1,0,1,2,9.84,9.85,32,30.0026,2,48,50
2011-09-06 14:00:00,3,0,1,3,22.14,25.76,88,19.0012,3,21,24
2011-07-18 03:00:00,3,0,1,1,27.06,30.305,78,12.998,3,4,7
2012-02-09 15:00:00,1,0,1,1,13.12,15.15,36,19.9995,14,120,134
2012-07-02 04:00:00,3,0,1,2,29.52,33.335,54,19.9995,2,10,12
2011-02-08 22:00:00,1,0,1,1,4.92,5.305,33,23.9994,0,29,29
2012-09-01 03:00:00,3,0,0,1,28.7,32.575,70,7.0015,6,29,35
2011-08-18 19:00:00,3,0,1,1,27.06,30.305,83,7.0015,26,115,141
2012-08-07 01:00:00,3,0,1,1,28.7,33.335,84,8.9981,2,16,18
2012-01-16 15:00:00,1,1,0,1,10.66,10.605,44,30.0026,17,175,192
2011-05-10 16:00:00,2,0,1,1,27.06,31.06,31,7.0015,56,271,327
2011-05-18 21:00:00,2,0,1,1,21.32,25,88,0,11,74,85
2011-06-04 22:00:00,2,0,0,1,26.24,31.06,57,15.0013,49,141,190
2011-01-09 19:00:00,1,0,0,1,6.56,6.82,43,22.0028,1,40,41
2012-04-09 02:00:00,2,0,1,1,18.86,22.725,31,12.998,2,4,6
2011-07-15 22:00:00,3,0,1,1,27.06,31.06,57,15.0013,71,152,223
2011-05-19 16:00:00,2,0,1,1,23.78,27.275,64,12.998,55,247,302
2012-07-07 00:00:00,3,0,0,1,31.98,37.88,66,8.9981,35,115,150
2011-04-06 09:00:00,2,0,1,1,14.76,16.665,46,16.9979,8,157,165
2012-08-19 05:00:00,3,0,0,2,24.6,29.545,73,8.9981,3,8,11
2011-02-18 07:00:00,1,0,1,2,17.22,21.21,77,15.0013,8,108,116
2012-11-02 14:00:00,4,0,1,2,16.4,20.455,40,32.9975,63,199,262
2011-05-06 22:00:00,2,0,1,1,18.86,22.725,72,15.0013,46,105,151
2011-01-19 18:00:00,1,0,1,1,13.94,15.91,61,19.0012,5,156,161
2012-07-17 08:00:00,3,0,1,2,32.8,37.88,55,0,43,618,661
2012-06-09 05:00:00,2,0,0,1,24.6,31.06,56,7.0015,4,15,19
2011-12-01 12:00:00,4,0,1,1,14.76,17.425,46,15.0013,9,139,148
2011-11-18 07:00:00,4,0,1,1,9.02,11.365,44,11.0014,5,211,216
2012-12-14 10:00:00,4,0,1,1,10.66,12.88,81,12.998,28,162,190
2012-01-12 06:00:00,1,0,1,3,14.76,17.425,93,8.9981,1,88,89
2011-06-16 09:00:00,2,0,1,2,25.42,30.305,65,12.998,29,232,261
2011-04-03 08:00:00,2,0,0,1,13.94,16.665,57,11.0014,18,44,62
2011-06-18 04:00:00,2,0,0,1,24.6,27.275,88,6.0032,1,4,5
2011-04-04 20:00:00,2,0,1,2,28.7,31.82,24,36.9974,40,133,173
2012-06-17 08:00:00,2,0,0,1,22.96,26.515,68,16.9979,24,95,119
2012-02-15 16:00:00,1,0,1,1,17.22,21.21,38,12.998,9,222,231
2012-10-06 10:00:00,4,0,0,1,25.42,30.305,69,19.0012,198,341,539
2011-07-16 18:00:00,3,0,0,1,31.16,34.09,45,19.0012,185,243,428
2012-10-12 14:00:00,4,0,1,1,22.96,26.515,37,31.0009,109,262,371
2012-05-05 06:00:00,2,0,0,2,22.14,25.76,94,0,9,33,42
2011-07-04 07:00:00,3,1,0,1,27.06,30.305,83,8.9981,17,19,36
2012-06-19 04:00:00,2,0,1,2,24.6,28.79,78,8.9981,1,9,10
2011-03-16 23:00:00,1,0,1,1,16.4,20.455,65,12.998,9,18,27
2011-12-04 21:00:00,4,0,0,1,14.76,18.18,81,7.0015,7,65,72
2012-03-09 01:00:00,1,0,1,3,22.96,26.515,52,32.9975,4,22,26
2012-11-13 01:00:00,4,0,1,3,18.04,21.97,88,43.0006,0,5,5
2012-01-15 22:00:00,1,0,0,1,7.38,10.605,37,6.0032,2,58,60
2011-09-01 06:00:00,3,0,1,1,24.6,28.79,78,0,2,103,105
2011-07-05 03:00:00,3,0,1,1,27.06,31.06,74,15.0013,1,7,8
2011-09-15 08:00:00,3,0,1,1,26.24,30.305,73,8.9981,27,364,391
2012-07-11 06:00:00,3,0,1,1,26.24,28.79,89,8.9981,17,168,185
2011-09-02 16:00:00,3,0,1,2,28.7,32.575,61,8.9981,82,299,381
2011-03-18 17:00:00,1,0,1,1,28.7,31.82,37,22.0028,95,237,332
2011-10-03 05:00:00,4,0,1,2,14.76,18.18,76,7.0015,4,17,21
2011-06-06 03:00:00,2,0,1,1,23.78,27.275,88,0,2,3,5
2011-10-16 06:00:00,4,0,0,1,15.58,19.695,66,11.0014,3,7,10
2012-11-08 02:00:00,4,0,1,2,12.3,14.395,49,15.0013,1,5,6
2012-10-04 00:00:00,4,0,1,3,26.24,28.79,89,0,11,65,76
2011-09-14 12:00:00,3,0,1,1,30.34,34.09,58,15.0013,56,156,212
2012-01-02 21:00:00,1,1,0,2,9.84,10.605,41,22.0028,3,63,66
2012-05-04 00:00:00,2,0,1,1,24.6,28.79,78,22.0028,19,70,89
2012-08-18 14:00:00,3,0,0,1,31.16,33.335,37,19.0012,242,356,598
2012-09-05 06:00:00,3,0,1,1,28.7,33.335,79,19.0012,7,203,210
2011-04-14 23:00:00,2,0,1,1,18.86,22.725,59,7.0015,7,40,47
2012-02-02 10:00:00,1,0,1,3,17.22,21.21,77,7.0015,6,72,78
2011-02-16 03:00:00,1,0,1,2,8.2,9.85,47,12.998,0,1,1
2012-01-02 12:00:00,1,1,0,1,11.48,13.635,36,16.9979,41,161,202
2011-10-06 19:00:00,4,0,1,1,21.32,25,59,7.0015,38,305,343
2011-02-15 20:00:00,1,0,1,1,10.66,13.635,33,7.0015,3,98,101
2011-06-12 18:00:00,2,0,0,1,28.7,33.335,74,11.0014,69,187,256
2011-09-02 14:00:00,3,0,1,2,28.7,32.575,61,7.0015,75,208,283
2012-12-13 00:00:00,4,0,1,2,11.48,13.635,52,15.0013,1,31,32
2012-05-18 06:00:00,2,0,1,1,18.04,21.97,77,8.9981,14,168,182
2011-05-04 11:00:00,2,0,1,1,16.4,20.455,82,22.0028,3,69,72
2011-10-12 05:00:00,4,0,1,2,22.14,25.76,88,22.0028,0,22,22
2012-11-01 22:00:00,4,0,1,1,14.76,17.425,57,11.0014,27,175,202
2012-01-17 22:00:00,1,0,1,1,18.86,22.725,72,26.0027,5,85,90
2011-08-12 22:00:00,3,0,1,1,27.88,31.82,51,0,74,157,231
2011-05-18 08:00:00,2,0,1,1,22.96,26.515,88,19.0012,25,428,453
2011-07-05 17:00:00,3,0,1,1,33.62,37.88,46,7.0015,79,466,545
2012-08-14 09:00:00,3,0,1,2,28.7,33.335,74,0,48,354,402
2011-07-12 21:00:00,3,0,1,1,33.62,37.12,43,7.0015,49,209,258
2011-11-14 00:00:00,4,0,1,1,18.86,22.725,59,19.0012,8,22,30
2012-07-01 00:00:00,3,0,0,1,31.16,36.365,66,0,27,122,149
2012-07-13 14:00:00,3,0,1,2,32.8,35.605,38,0,120,249,369
2012-10-14 10:00:00,4,0,0,1,22.14,25.76,56,12.998,150,278,428
2012-03-04 22:00:00,1,0,0,1,10.66,12.12,41,16.9979,9,53,62
2012-12-08 23:00:00,4,0,0,2,16.4,20.455,94,0,18,144,162
2011-01-13 16:00:00,1,0,1,1,9.84,10.605,38,23.9994,2,76,78
2012-03-19 21:00:00,1,0,1,1,24.6,30.305,64,11.0014,33,190,223
2011-02-15 18:00:00,1,0,1,1,12.3,15.15,22,8.9981,14,198,212
2012-10-03 23:00:00,4,0,1,2,27.06,30.305,78,0,21,199,220
2011-11-12 09:00:00,4,0,0,1,12.3,15.15,61,11.0014,18,142,160
2012-12-19 07:00:00,4,0,1,1,10.66,13.635,75,8.9981,3,360,363
2012-02-17 16:00:00,1,0,1,1,17.22,21.21,32,19.9995,56,251,307
2012-08-04 11:00:00,3,0,0,1,35.26,40.15,47,16.9979,155,315,470
2011-03-16 13:00:00,1,0,1,2,16.4,20.455,76,8.9981,18,81,99
2011-04-07 14:00:00,2,0,1,1,22.96,26.515,43,6.0032,46,111,157
2011-10-17 22:00:00,4,0,1,1,20.5,24.24,77,0,16,88,104
2011-07-01 13:00:00,3,0,1,1,32.8,34.09,24,0,83,209,292
2011-07-17 19:00:00,3,0,0,1,31.16,34.85,55,19.0012,145,234,379
2011-06-01 23:00:00,2,0,1,1,30.34,33.335,51,11.0014,10,59,69
2011-07-03 03:00:00,3,0,0,3,27.88,31.82,65,6.0032,8,25,33
2012-12-12 01:00:00,4,0,1,1,11.48,13.635,61,15.0013,3,18,21
2011-12-09 11:00:00,4,0,1,1,13.12,15.15,70,16.9979,15,121,136
2012-04-02 05:00:00,2,0,1,1,16.4,20.455,76,32.9975,2,22,24
2011-11-16 14:00:00,4,0,1,2,18.86,22.725,100,8.9981,12,49,61
2011-02-15 17:00:00,1,0,1,1,13.12,15.15,22,15.0013,15,191,206
2011-02-03 23:00:00,1,0,1,1,8.2,11.365,47,7.0015,4,34,38
2012-05-16 05:00:00,2,0,1,1,22.14,25.76,94,7.0015,4,34,38
2012-12-14 12:00:00,4,0,1,1,14.76,17.425,50,12.998,29,244,273
2012-10-03 17:00:00,4,0,1,1,28.7,32.575,65,0,84,833,917
2011-08-10 07:00:00,3,0,1,1,28.7,32.575,58,6.0032,16,289,305
2011-11-17 05:00:00,4,0,1,3,13.94,15.15,71,22.0028,1,21,22
2011-06-02 16:00:00,2,0,1,1,32.8,34.09,22,32.9975,63,255,318
2012-01-14 22:00:00,1,0,0,1,6.56,6.82,47,23.9994,4,62,66
2011-11-09 10:00:00,4,0,1,1,16.4,20.455,76,7.0015,16,89,105
2012-03-05 10:00:00,1,0,1,2,9.84,12.88,60,0,12,74,86
2011-11-15 08:00:00,4,0,1,2,22.14,25.76,68,7.0015,27,453,480
2012-04-01 19:00:00,2,0,0,1,21.32,25,55,15.0013,110,236,346
2011-09-14 11:00:00,3,0,1,1,29.52,34.09,66,11.0014,43,121,164
2011-07-09 23:00:00,3,0,0,1,29.52,33.335,58,12.998,47,93,140
2011-07-11 02:00:00,3,0,1,1,28.7,32.575,61,15.0013,8,4,12
2011-03-16 20:00:00,1,0,1,2,17.22,21.21,54,19.9995,10,111,121
2011-08-13 16:00:00,3,0,0,2,28.7,33.335,74,19.0012,148,133,281
2011-03-14 18:00:00,1,0,1,1,14.76,18.18,40,7.0015,25,210,235
2011-01-08 17:00:00,1,0,0,1,6.56,6.06,37,36.9974,5,64,69
2011-10-10 06:00:00,4,1,0,1,18.04,21.97,94,0,5,39,44
2012-06-05 10:00:00,2,0,1,2,21.32,25,63,19.9995,58,118,176
2012-07-18 11:00:00,3,0,1,1,36.9,42.425,42,0,47,136,183
2012-01-05 03:00:00,1,0,1,1,8.2,12.88,61,0,0,4,4
2011-05-03 08:00:00,2,0,1,2,22.96,26.515,83,19.0012,24,435,459
2011-11-08 00:00:00,4,0,1,1,13.94,17.425,87,6.0032,0,18,18
2012-03-09 18:00:00,1,0,1,1,18.04,21.97,26,35.0008,30,440,470
2011-02-07 06:00:00,1,0,1,1,7.38,12.12,93,0,1,29,30
2011-06-12 20:00:00,2,0,0,1,27.06,30.305,83,11.0014,62,144,206
2012-03-02 00:00:00,1,0,1,1,13.94,16.665,53,11.0014,1,45,46
2011-09-07 16:00:00,3,0,1,1,26.24,28.79,89,0,7,137,144
2012-05-02 09:00:00,2,0,1,2,22.96,26.515,88,0,26,289,315
2011-12-10 06:00:00,4,0,0,1,9.84,12.88,65,7.0015,1,10,11
2011-04-18 15:00:00,2,0,1,2,24.6,31.06,43,12.998,64,112,176
2011-02-08 18:00:00,1,0,1,1,8.2,9.09,32,26.0027,1,151,152
2012-03-18 07:00:00,1,0,0,3,17.22,21.21,88,11.0014,17,25,42
2012-04-13 18:00:00,2,0,1,1,22.14,25.76,26,8.9981,107,564,671
2011-08-02 10:00:00,3,0,1,1,33.62,36.365,36,19.9995,50,90,140
2012-12-02 21:00:00,4,0,0,2,18.04,21.97,77,15.0013,8,91,99
2012-10-10 20:00:00,4,0,1,1,21.32,25,48,32.9975,21,371,392
2012-06-18 01:00:00,2,0,1,1,22.14,25.76,77,15.0013,9,5,14
2012-05-06 18:00:00,2,0,0,2,25.42,30.305,61,12.998,131,332,463
2011-08-11 18:00:00,3,0,1,1,31.98,34.09,29,6.0032,74,497,571
2011-09-13 00:00:00,3,0,1,1,24.6,27.275,88,7.0015,7,19,26
2011-05-13 07:00:00,2,0,1,3,20.5,24.24,88,11.0014,16,141,157
2012-11-07 10:00:00,4,0,1,2,11.48,12.88,56,19.9995,27,151,178
2011-02-01 07:00:00,1,0,1,3,6.56,11.365,93,0,0,52,52
2012-08-12 19:00:00,3,0,0,1,30.34,32.575,40,8.9981,148,317,465
2011-04-18 18:00:00,2,0,1,1,26.24,31.06,31,23.9994,41,321,362
2012-10-14 12:00:00,4,0,0,1,25.42,31.06,46,22.0028,200,362,562
2011-04-11 01:00:00,2,0,1,1,18.86,22.725,94,19.0012,1,3,4
2012-03-12 14:00:00,1,0,1,2,23.78,27.275,32,19.0012,76,145,221
2011-05-07 16:00:00,2,0,0,1,24.6,31.06,38,12.998,119,223,342
2012-04-10 01:00:00,2,0,1,1,17.22,21.21,50,15.0013,0,9,9
2011-11-03 06:00:00,4,0,1,1,13.94,16.665,76,12.998,3,96,99
2011-06-11 03:00:00,2,0,0,1,27.88,31.82,83,6.0032,10,18,28
2011-06-14 18:00:00,2,0,1,1,25.42,31.06,51,22.0028,65,473,538
2011-02-12 20:00:00,1,0,0,1,10.66,12.88,41,15.0013,1,39,40
2011-11-18 11:00:00,4,0,1,1,12.3,15.15,36,8.9981,18,122,140
2011-12-05 11:00:00,4,0,1,2,14.76,18.18,87,6.0032,17,106,123
2011-03-06 23:00:00,1,0,0,2,9.02,9.85,100,27.9993,0,9,9
2011-05-03 12:00:00,2,0,1,2,27.88,31.82,61,32.9975,48,169,217
2011-10-06 22:00:00,4,0,1,1,18.86,22.725,82,0,24,124,148
2011-09-15 20:00:00,3,0,1,1,18.86,22.725,63,22.0028,25,223,248
2011-04-13 00:00:00,2,0,1,2,16.4,20.455,100,19.9995,3,12,15
2012-10-13 18:00:00,4,0,0,1,18.86,22.725,44,8.9981,174,299,473
2012-03-15 14:00:00,1,0,1,2,29.52,32.575,30,7.0015,81,177,258
2012-06-06 15:00:00,2,0,1,1,26.24,31.06,38,0,75,225,300
2011-12-16 13:00:00,4,0,1,2,13.94,15.15,39,23.9994,12,125,137
2011-12-10 01:00:00,4,0,0,2,10.66,12.88,70,11.0014,11,55,66
2012-10-19 03:00:00,4,0,1,2,22.96,26.515,83,0,0,5,5
2011-05-03 01:00:00,2,0,1,2,22.96,26.515,78,16.9979,0,14,14
2011-02-02 01:00:00,1,0,1,3,9.02,11.365,93,12.998,0,3,3
2011-06-07 20:00:00,2,0,1,1,30.34,34.09,56,8.9981,45,301,346
2011-10-05 20:00:00,4,0,1,1,21.32,25,77,11.0014,18,228,246
2012-03-11 01:00:00,1,0,0,1,9.84,12.12,52,11.0014,4,57,61
2012-10-16 06:00:00,4,0,1,1,17.22,21.21,67,11.0014,4,168,172
2012-09-16 22:00:00,3,0,0,1,22.96,26.515,68,6.0032,18,109,127
2011-02-08 17:00:00,1,0,1,1,9.02,9.09,32,39.0007,4,172,176
2012-02-03 20:00:00,1,0,1,1,13.94,17.425,49,7.0015,8,155,163
2012-12-01 20:00:00,4,0,0,1,13.12,17.425,81,0,28,170,198
2012-07-16 01:00:00,3,0,1,2,28.7,33.335,74,12.998,1,10,11
2012-09-08 02:00:00,3,0,0,1,27.06,29.545,89,22.0028,9,68,77
2012-09-16 01:00:00,3,0,0,1,22.14,25.76,64,0,35,82,117
2011-09-15 06:00:00,3,0,1,2,24.6,28.03,83,16.9979,5,119,124
2011-12-09 05:00:00,4,0,1,1,9.02,13.635,80,0,0,20,20
2011-04-18 01:00:00,2,0,1,1,18.86,22.725,47,8.9981,11,8,19
2011-08-08 06:00:00,3,0,1,1,28.7,32.575,65,19.0012,8,87,95
2012-08-17 15:00:00,3,0,1,1,35.26,12.12,30,31.0009,127,256,383
2012-06-15 19:00:00,2,0,1,1,28.7,31.82,42,11.0014,98,369,467
2012-05-11 04:00:00,2,0,1,1,17.22,21.21,50,12.998,3,6,9
2012-10-06 21:00:00,4,0,0,1,18.86,22.725,59,8.9981,78,137,215
2011-12-15 12:00:00,4,0,1,2,18.86,22.725,59,32.9975,17,140,157
2012-11-09 09:00:00,4,0,1,1,13.94,15.15,53,27.9993,23,304,327
2012-07-19 22:00:00,3,0,1,3,27.06,29.545,89,16.9979,6,62,68
2012-12-12 03:00:00,4,0,1,1,10.66,13.635,60,8.9981,3,7,10
2012-08-19 13:00:00,3,0,0,3,26.24,28.79,83,8.9981,50,112,162
2011-07-04 02:00:00,3,1,0,1,26.24,28.79,83,0,33,30,63
2012-08-16 08:00:00,3,0,1,1,27.88,31.82,61,12.998,33,649,682
2011-04-06 18:00:00,2,0,1,1,21.32,25,29,23.9994,43,282,325
2011-05-16 19:00:00,2,0,1,1,23.78,27.275,83,16.9979,36,272,308
2012-12-04 11:00:00,4,0,1,1,19.68,23.485,77,12.998,24,183,207
2011-09-12 11:00:00,3,0,1,1,28.7,32.575,58,12.998,34,131,165
2011-11-02 03:00:00,4,0,1,1,12.3,16.665,75,0,0,2,2
2012-08-06 07:00:00,3,0,1,3,29.52,34.09,70,12.998,14,393,407
2011-10-17 11:00:00,4,0,1,1,22.96,26.515,43,0,35,131,166
2011-07-14 19:00:00,3,0,1,1,29.52,32.575,39,15.0013,67,333,400
2012-03-10 04:00:00,1,0,0,1,9.84,10.605,41,23.9994,1,3,4
2012-05-02 19:00:00,2,0,1,1,22.14,25.76,77,16.9979,43,461,504
2012-07-18 19:00:00,3,0,1,2,31.16,35.605,62,7.0015,78,438,516
2011-06-18 08:00:00,2,0,0,1,27.06,30.305,78,6.0032,28,103,131
2012-05-18 21:00:00,2,0,1,1,24.6,31.06,40,0,49,209,258
2011-07-12 16:00:00,3,0,1,1,35.26,39.395,44,19.0012,25,177,202
2011-01-06 12:00:00,1,0,1,1,10.66,14.395,35,0,6,78,84
2012-08-05 03:00:00,3,0,0,1,29.52,34.85,74,16.9979,9,32,41
2011-09-16 16:00:00,3,0,1,2,21.32,25,48,11.0014,67,291,358
2011-09-18 16:00:00,3,0,0,2,22.96,26.515,64,11.0014,134,235,369
2011-05-18 12:00:00,2,0,1,1,22.96,26.515,94,19.9995,12,42,54
2012-08-02 07:00:00,3,0,1,1,28.7,33.335,79,0,21,452,473
2011-11-04 05:00:00,4,0,1,2,15.58,19.695,87,0,0,23,23
2012-03-19 14:00:00,1,0,1,2,26.24,31.06,57,12.998,60,200,260
2012-05-07 19:00:00,2,0,1,1,23.78,27.275,56,22.0028,83,463,546
2011-02-16 07:00:00,1,0,1,2,8.2,9.85,55,15.0013,5,103,108
2012-07-12 05:00:00,3,0,1,1,25.42,29.545,73,7.0015,4,40,44
2012-10-03 02:00:00,4,0,1,2,25.42,27.275,94,0,2,7,9
2012-10-11 22:00:00,4,0,1,1,16.4,20.455,66,11.0014,10,167,177
2011-12-08 13:00:00,4,0,1,1,12.3,13.635,49,23.9994,9,115,124
2012-04-07 00:00:00,2,0,0,1,17.22,21.21,26,19.9995,9,85,94
2011-08-10 12:00:00,3,0,1,1,33.62,36.365,38,19.9995,74,166,240
2011-05-19 13:00:00,2,0,1,3,23.78,27.275,64,16.9979,44,139,183
2012-08-13 04:00:00,3,0,1,1,26.24,30.305,69,7.0015,0,11,11
2012-07-01 12:00:00,3,0,0,1,36.9,40.91,37,15.0013,114,319,433
2012-03-07 15:00:00,1,0,1,1,22.14,25.76,37,30.0026,44,165,209
2011-10-07 16:00:00,4,0,1,1,26.24,31.06,44,0,73,346,419
2012-01-09 09:00:00,1,0,1,2,9.02,13.635,64,0,9,188,197
2012-07-13 00:00:00,3,0,1,2,28.7,32.575,54,11.0014,19,76,95
2012-10-10 09:00:00,4,0,1,1,22.14,25.76,60,19.0012,35,331,366
2011-08-06 23:00:00,3,0,0,3,28.7,33.335,84,19.0012,29,79,108
2011-10-08 14:00:00,4,0,0,1,25.42,31.06,50,6.0032,251,214,465
2012-06-10 07:00:00,2,0,0,1,24.6,28.79,78,7.0015,21,41,62
2011-11-01 00:00:00,4,0,1,2,14.76,17.425,87,11.0014,3,18,21
2011-01-04 04:00:00,1,0,1,1,5.74,9.09,63,6.0032,0,2,2
2012-06-05 12:00:00,2,0,1,2,22.14,25.76,56,15.0013,45,202,247
2011-01-10 04:00:00,1,0,1,1,4.1,6.06,54,8.9981,1,2,3
2011-06-11 02:00:00,2,0,0,1,28.7,33.335,79,7.0015,10,50,60
2012-02-13 04:00:00,1,0,1,1,4.92,8.335,54,6.0032,0,2,2
2012-09-04 14:00:00,3,0,1,1,32.8,37.88,55,27.9993,72,202,274
2012-08-01 08:00:00,3,0,1,2,27.06,30.305,78,12.998,32,649,681
2011-01-08 05:00:00,1,0,0,2,6.56,8.335,74,11.0014,0,5,5
2011-10-07 22:00:00,4,0,1,1,20.5,24.24,68,0,27,119,146
2012-08-16 18:00:00,3,0,1,1,32.8,35.605,36,0,109,723,832
2012-07-10 04:00:00,3,0,1,1,27.88,31.82,79,8.9981,0,4,4
2012-10-19 00:00:00,4,0,1,2,22.96,26.515,83,7.0015,5,51,56
2012-05-16 19:00:00,2,0,1,1,28.7,32.575,54,19.0012,91,499,590
2012-07-01 09:00:00,3,0,0,1,33.62,39.395,56,0,51,168,219
2011-07-17 01:00:00,3,0,0,1,26.24,30.305,69,12.998,16,86,102
2012-09-02 14:00:00,3,0,0,3,29.52,34.85,79,6.0032,249,208,457
2011-08-13 01:00:00,3,0,0,2,27.88,31.82,57,6.0032,13,64,77
2011-03-19 18:00:00,1,0,0,1,18.86,22.725,31,22.0028,92,125,217
2012-10-11 21:00:00,4,0,1,1,17.22,21.21,62,8.9981,24,236,260
2012-05-18 23:00:00,2,0,1,1,21.32,25,55,0,41,133,174
2012-12-01 05:00:00,4,0,0,1,9.84,12.88,87,6.0032,1,12,13
2011-01-05 04:00:00,1,0,1,1,9.84,11.365,48,15.0013,0,2,2
2012-05-07 23:00:00,2,0,1,2,22.14,25.76,45,12.998,21,92,113
2011-08-05 09:00:00,3,0,1,1,29.52,33.335,58,7.0015,43,183,226
2011-06-17 03:00:00,2,0,1,1,22.96,26.515,94,7.0015,1,5,6
2011-03-04 07:00:00,1,0,1,1,6.56,9.09,80,8.9981,0,83,83
2012-01-15 06:00:00,1,0,0,2,5.74,6.06,50,19.0012,1,7,8
2012-04-10 23:00:00,2,0,1,1,14.76,16.665,40,27.9993,14,48,62
2012-09-19 14:00:00,3,0,1,1,25.42,31.06,38,16.9979,59,227,286
2011-06-07 08:00:00,2,0,1,2,27.88,31.82,61,8.9981,45,432,477
2012-09-06 05:00:00,3,0,1,2,28.7,33.335,84,12.998,3,35,38
2011-06-11 00:00:00,2,0,0,1,28.7,33.335,79,8.9981,28,89,117
2012-10-08 23:00:00,4,1,0,2,16.4,20.455,71,15.0013,9,60,69
2012-06-03 19:00:00,2,0,0,1,27.88,31.82,34,19.0012,116,337,453
2012-10-06 04:00:00,4,0,0,1,22.14,25.76,83,16.9979,4,7,11
2011-11-11 13:00:00,4,1,0,1,15.58,19.695,37,36.9974,57,179,236
2011-06-03 13:00:00,2,0,1,1,27.88,31.06,26,16.9979,58,190,248
2011-01-04 10:00:00,1,0,1,2,6.56,6.82,69,22.0028,5,37,42
2011-01-17 16:00:00,1,1,0,2,8.2,10.605,47,11.0014,6,76,82
2012-05-05 09:00:00,2,0,0,1,25.42,29.545,78,7.0015,61,223,284
2012-11-02 15:00:00,4,0,1,2,16.4,20.455,40,27.9993,51,255,306
2012-12-12 00:00:00,4,0,1,1,12.3,15.15,52,11.0014,1,33,34
2011-10-19 08:00:00,4,0,1,3,22.14,25.76,70,32.9975,10,200,210
2012-02-06 07:00:00,1,0,1,1,6.56,9.09,86,7.0015,5,229,234
2012-09-03 12:00:00,3,1,0,2,31.16,35.605,62,19.9995,191,352,543
2012-02-02 06:00:00,1,0,1,3,14.76,18.94,90,0,1,73,74
2011-12-16 12:00:00,4,0,1,2,13.94,15.15,42,23.9994,10,163,173
2012-04-08 15:00:00,2,0,0,1,25.42,30.305,17,23.9994,260,226,486
2011-10-15 14:00:00,4,0,0,1,24.6,31.06,33,31.0009,242,230,472
2012-10-08 20:00:00,4,1,0,3,16.4,20.455,71,15.0013,20,207,227
2012-12-02 00:00:00,4,0,0,2,12.3,15.91,87,6.0032,9,108,117
2011-06-12 17:00:00,2,0,0,3,27.88,31.82,83,19.0012,94,158,252
2011-07-10 19:00:00,3,0,0,1,32.8,37.12,49,22.0028,120,183,303
2012-02-01 00:00:00,1,0,1,1,18.04,21.97,38,19.0012,0,31,31
2011-07-03 22:00:00,3,0,0,2,27.06,30.305,78,7.0015,69,93,162
2011-11-15 14:00:00,4,0,1,2,22.14,25.76,60,19.0012,27,120,147
2012-08-19 11:00:00,3,0,0,3,26.24,29.545,78,11.0014,83,189,272
2011-08-14 14:00:00,3,0,0,1,30.34,34.85,70,12.998,126,244,370
2012-11-06 23:00:00,4,0,1,1,12.3,14.395,56,15.0013,19,186,205
2012-01-15 15:00:00,1,0,0,1,9.02,11.365,27,12.998,33,173,206
2012-10-08 05:00:00,4,1,0,1,13.94,15.91,76,15.0013,2,17,19
2012-09-06 09:00:00,3,0,1,3,27.06,29.545,94,8.9981,8,115,123
2012-03-10 03:00:00,1,0,0,1,10.66,11.365,41,19.9995,0,16,16
2011-04-12 11:00:00,2,0,1,1,21.32,25,77,23.9994,11,38,49
2011-01-16 15:00:00,1,0,0,1,10.66,12.12,38,16.9979,35,78,113
2011-10-02 14:00:00,4,0,0,3,14.76,17.425,81,11.0014,61,195,256
2012-07-05 18:00:00,3,0,1,2,36.9,41.665,39,22.0028,96,511,607
2012-05-02 00:00:00,2,0,1,1,24.6,28.79,78,7.0015,4,43,47
2011-10-09 08:00:00,4,0,0,1,18.86,22.725,88,0,25,82,107
2012-03-03 18:00:00,1,0,0,1,20.5,24.24,25,16.9979,53,250,303
2011-09-15 05:00:00,3,0,1,1,24.6,28.79,78,0,1,30,31
2011-07-14 17:00:00,3,0,1,1,30.34,32.575,37,8.9981,78,517,595
2012-06-17 23:00:00,2,0,0,1,23.78,27.275,64,12.998,29,79,108
2011-10-15 03:00:00,4,0,0,1,18.04,21.97,62,12.998,5,18,23
2011-06-15 23:00:00,2,0,1,1,25.42,31.06,53,0,17,90,107
2012-01-15 21:00:00,1,0,0,1,6.56,8.335,40,11.0014,1,71,72
2012-02-07 10:00:00,1,0,1,1,13.94,16.665,46,11.0014,12,104,116
2012-02-01 18:00:00,1,0,1,1,22.96,26.515,46,11.0014,12,514,526
2011-11-01 03:00:00,4,0,1,2,14.76,17.425,81,8.9981,1,5,6
2012-07-11 16:00:00,3,0,1,1,32.8,35.605,38,12.998,53,358,411
2011-12-15 15:00:00,4,0,1,3,21.32,25,55,15.0013,6,76,82
2012-11-03 23:00:00,4,0,0,1,13.12,16.665,57,7.0015,15,133,148
2011-07-08 22:00:00,3,0,1,2,27.06,30.305,78,12.998,33,136,169
2012-07-14 19:00:00,3,0,0,1,29.52,35.605,84,6.0032,156,275,431
2012-12-10 13:00:00,4,0,1,3,18.04,21.97,100,15.0013,30,190,220
2012-01-04 13:00:00,1,0,1,2,5.74,6.06,43,16.9979,9,82,91
2012-03-14 11:00:00,1,0,1,2,25.42,31.06,41,11.0014,65,155,220
2011-09-19 02:00:00,3,0,1,2,21.32,25,72,8.9981,6,7,13
2012-01-09 05:00:00,1,0,1,2,8.2,11.365,64,6.0032,0,21,21
2011-08-16 09:00:00,3,0,1,1,27.88,31.82,61,19.0012,27,171,198
2012-12-17 13:00:00,4,0,1,2,16.4,20.455,87,8.9981,16,194,210
2011-09-03 14:00:00,3,0,0,2,29.52,34.09,66,11.0014,204,176,380
2012-02-19 08:00:00,1,0,0,2,9.84,11.365,56,12.998,8,48,56
2012-06-03 02:00:00,2,0,0,1,21.32,25,59,7.0015,22,67,89
2011-07-01 06:00:00,3,0,1,1,25.42,30.305,61,8.9981,11,97,108
2011-04-12 16:00:00,2,0,1,2,19.68,23.485,77,26.0027,19,80,99
2012-02-08 12:00:00,1,0,1,2,11.48,12.88,65,19.0012,14,124,138
2011-03-02 09:00:00,1,0,1,1,11.48,12.88,56,19.9995,7,141,148
2012-08-18 02:00:00,3,0,0,3,25.42,28.03,88,11.0014,4,39,43
2012-07-14 06:00:00,3,0,0,2,26.24,29.545,78,6.0032,6,29,35
2012-01-06 20:00:00,1,0,1,1,17.22,21.21,41,12.998,14,163,177
2011-12-07 07:00:00,4,0,1,3,18.04,21.97,100,7.0015,3,43,46
2012-03-05 15:00:00,1,0,1,2,12.3,14.395,53,12.998,20,110,130
2011-01-09 17:00:00,1,0,0,1,7.38,7.575,37,26.0027,3,59,62
2012-01-03 09:00:00,1,0,1,1,6.56,6.82,50,19.0012,8,145,153
2011-07-14 09:00:00,3,0,1,1,27.88,31.82,47,19.0012,29,195,224
2011-06-14 07:00:00,2,0,1,1,22.96,26.515,52,27.9993,19,346,365
2011-01-08 18:00:00,1,0,0,1,5.74,6.06,39,19.9995,3,52,55
2012-09-14 07:00:00,3,0,1,2,22.96,26.515,88,0,17,437,454
2012-07-16 09:00:00,3,0,1,1,31.16,35.605,62,11.0014,51,297,348
2012-06-18 08:00:00,2,0,1,2,22.14,25.76,83,12.998,27,447,474
2012-10-19 11:00:00,4,0,1,1,24.6,28.03,83,12.998,41,211,252
2011-12-06 04:00:00,4,0,1,3,18.86,22.725,88,15.0013,0,7,7
2012-12-10 01:00:00,4,0,1,2,14.76,18.94,100,0,0,4,4
2011-05-13 20:00:00,2,0,1,2,21.32,25,83,8.9981,22,130,152
2012-10-04 12:00:00,4,0,1,2,29.52,33.335,54,12.998,57,231,288
2011-05-12 20:00:00,2,0,1,1,24.6,30.305,64,12.998,56,220,276
2012-12-04 09:00:00,4,0,1,1,18.86,22.725,82,7.0015,19,317,336
2011-03-11 22:00:00,1,0,1,1,12.3,15.15,52,11.0014,11,53,64
2011-10-06 01:00:00,4,0,1,1,19.68,23.485,63,12.998,5,17,22
2012-10-10 06:00:00,4,0,1,2,18.86,22.725,88,6.0032,3,172,175
2012-06-06 11:00:00,2,0,1,1,25.42,31.06,43,6.0032,65,161,226
2011-03-15 23:00:00,1,0,1,2,13.12,15.91,87,11.0014,1,17,18
2011-09-17 10:00:00,3,0,0,2,20.5,24.24,68,19.0012,72,177,249
2011-12-04 16:00:00,4,0,0,1,17.22,21.21,58,15.0013,64,266,330
2011-02-16 23:00:00,1,0,1,1,15.58,19.695,40,15.0013,2,31,33
2011-12-05 08:00:00,4,0,1,1,13.12,17.425,93,0,12,392,404
2012-01-11 03:00:00,1,0,1,1,9.02,13.635,80,0,0,4,4
2012-10-06 06:00:00,4,0,0,1,22.14,25.76,88,16.9979,2,28,30
2011-02-16 15:00:00,1,0,1,1,18.86,22.725,28,27.9993,35,82,117
2011-02-17 12:00:00,1,0,1,1,19.68,23.485,41,15.0013,15,86,101
2011-03-05 20:00:00,1,0,0,2,18.04,21.97,77,22.0028,12,58,70
2011-08-06 12:00:00,3,0,0,1,32.8,37.88,55,15.0013,130,252,382
2011-10-16 13:00:00,4,0,0,1,24.6,31.06,35,19.9995,169,269,438
2012-03-17 20:00:00,1,0,0,1,22.96,26.515,64,12.998,89,182,271
2011-11-19 12:00:00,4,0,0,1,16.4,20.455,35,19.0012,93,218,311
2011-01-13 02:00:00,1,0,1,1,5.74,6.06,50,23.9994,0,2,2
2011-10-14 00:00:00,4,0,1,1,23.78,27.275,94,6.0032,10,29,39
2012-04-14 00:00:00,2,0,0,1,16.4,20.455,58,8.9981,11,85,96
2012-04-05 01:00:00,2,0,1,1,19.68,23.485,27,22.0028,4,9,13
2011-07-18 21:00:00,3,0,1,1,30.34,34.85,66,12.998,48,154,202
2012-09-02 21:00:00,3,0,0,1,28.7,32.575,70,11.0014,79,92,171
2011-01-12 05:00:00,1,0,1,1,5.74,7.575,86,11.0014,0,5,5
2011-10-17 02:00:00,4,0,1,1,22.96,26.515,54,26.0027,4,3,7
2012-06-06 03:00:00,2,0,1,1,18.86,22.725,82,0,0,8,8
2011-12-02 05:00:00,4,0,1,1,9.02,12.88,80,6.0032,0,23,23
2012-05-18 16:00:00,2,0,1,1,27.06,31.06,34,16.9979,151,417,568
2012-01-14 11:00:00,1,0,0,1,8.2,9.85,40,12.998,28,150,178
2012-11-19 22:00:00,4,0,1,1,13.94,17.425,66,7.0015,7,106,113
2011-12-03 19:00:00,4,0,0,1,12.3,15.91,61,6.0032,31,144,175
2011-04-11 15:00:00,2,0,1,1,30.34,33.335,48,35.0008,56,85,141
2011-11-17 01:00:00,4,0,1,2,17.22,21.21,82,11.0014,0,5,5
2011-01-10 08:00:00,1,0,1,2,4.92,6.06,50,19.0012,4,184,188
2011-07-16 23:00:00,3,0,0,1,27.88,31.82,61,15.0013,61,107,168
2012-06-02 19:00:00,2,0,0,1,26.24,31.06,36,11.0014,185,369,554
2012-06-13 05:00:00,2,0,1,1,24.6,28.03,83,12.998,2,38,40
2012-07-02 20:00:00,3,0,1,1,31.98,34.85,43,8.9981,38,357,395
2011-11-09 14:00:00,4,0,1,1,21.32,25,48,11.0014,26,153,179
2011-05-09 12:00:00,2,0,1,1,24.6,31.06,43,12.998,35,160,195
2012-08-04 14:00:00,3,0,0,1,36.08,40.15,40,26.0027,183,289,472
2012-09-12 21:00:00,3,0,1,1,24.6,30.305,60,8.9981,27,279,306
2012-12-11 17:00:00,4,0,1,1,13.12,15.15,53,15.0013,21,580,601
2011-01-13 17:00:00,1,0,1,1,8.2,9.09,40,19.0012,4,158,162
2011-05-16 18:00:00,2,0,1,3,23.78,27.275,83,12.998,55,398,453
2011-06-12 15:00:00,2,0,0,1,32.8,38.635,59,19.9995,142,218,360
2012-02-10 02:00:00,1,0,1,1,10.66,14.395,52,6.0032,7,9,16
2011-08-01 04:00:00,3,0,1,1,27.06,30.305,83,8.9981,2,2,4
2011-06-15 22:00:00,2,0,1,1,25.42,31.06,50,7.0015,31,144,175
2012-04-10 17:00:00,2,0,1,1,22.96,26.515,21,35.0008,88,656,744
2012-07-14 17:00:00,3,0,0,3,28.7,33.335,79,11.0014,199,259,458
2012-05-14 17:00:00,2,0,1,3,22.96,26.515,88,16.9979,25,204,229
2011-08-03 06:00:00,3,0,1,3,29.52,34.09,66,32.9975,9,101,110
2012-09-05 21:00:00,3,0,1,1,29.52,34.85,79,0,18,278,296
2011-04-17 10:00:00,2,0,0,1,17.22,21.21,44,30.0026,91,120,211
2011-10-12 19:00:00,4,0,1,3,22.14,25.76,94,8.9981,7,102,109
2012-01-03 08:00:00,1,0,1,1,6.56,6.82,55,19.0012,5,349,354
2011-04-16 18:00:00,2,0,0,2,20.5,24.24,94,26.0027,6,32,38
2011-07-05 11:00:00,3,0,1,1,31.98,34.85,46,7.0015,75,97,172
2012-09-04 03:00:00,3,0,1,2,27.06,29.545,89,6.0032,1,9,10
2012-08-16 02:00:00,3,0,1,1,26.24,30.305,69,12.998,0,15,15
2012-03-10 16:00:00,1,0,0,1,14.76,18.18,23,0,115,275,390
2012-06-03 08:00:00,2,0,0,1,22.14,25.76,60,6.0032,30,110,140
2011-03-08 12:00:00,1,0,1,2,14.76,18.94,23,0,29,70,99
2012-03-02 03:00:00,1,0,1,1,13.12,15.91,57,12.998,0,3,3
2012-09-17 13:00:00,3,0,1,1,26.24,30.305,65,16.9979,112,231,343
2012-09-18 00:00:00,3,0,1,3,24.6,25.76,94,16.9979,2,11,13
2011-05-02 09:00:00,2,0,1,2,20.5,24.24,77,19.0012,41,131,172
2011-10-01 07:00:00,4,0,0,3,17.22,21.21,67,16.9979,6,30,36
2011-05-07 09:00:00,2,0,0,1,22.14,25.76,49,19.0012,54,164,218
2012-08-02 08:00:00,3,0,1,1,29.52,34.85,74,7.0015,21,718,739
2012-02-18 14:00:00,1,0,0,1,18.04,21.97,35,23.9994,183,244,427
2012-07-12 00:00:00,3,0,1,2,27.88,31.82,61,0,1,55,56
2011-02-07 04:00:00,1,0,1,1,8.2,12.88,86,0,1,1,2
2012-12-14 08:00:00,4,0,1,1,8.2,11.365,69,6.0032,13,623,636
2011-12-04 07:00:00,4,0,0,1,10.66,15.15,87,0,3,23,26
2012-09-07 14:00:00,3,0,1,1,32.8,38.635,59,16.9979,66,187,253
2011-07-04 23:00:00,3,1,0,2,29.52,34.09,70,7.0015,44,94,138
2012-09-02 02:00:00,3,0,0,1,27.06,29.545,89,0,28,56,84
2011-09-10 17:00:00,3,0,0,1,30.34,34.09,55,15.0013,185,275,460
2012-07-07 19:00:00,3,0,0,1,37.72,41.665,33,8.9981,68,219,287
2011-02-19 01:00:00,1,0,0,1,18.86,22.725,14,27.9993,10,21,31
2011-09-09 02:00:00,3,0,1,2,25.42,25.76,100,16.9979,1,7,8
2012-11-13 08:00:00,4,0,1,3,13.12,15.15,87,16.9979,4,207,211
2011-01-05 20:00:00,1,0,1,1,9.02,11.365,47,11.0014,7,82,89
2012-02-13 00:00:00,1,0,1,1,5.74,6.82,46,15.0013,0,9,9
2011-05-10 14:00:00,2,0,1,2,25.42,31.06,33,0,42,134,176
2012-11-11 14:00:00,4,0,0,1,24.6,31.06,33,11.0014,292,362,654
2011-10-02 17:00:00,4,0,0,3,14.76,17.425,87,11.0014,32,135,167
2012-09-09 09:00:00,3,0,0,1,25.42,30.305,61,16.9979,85,214,299
2012-06-14 07:00:00,2,0,1,1,24.6,30.305,60,19.0012,26,480,506
2012-08-11 00:00:00,3,0,0,1,28.7,32.575,70,19.0012,38,142,180
2011-07-02 22:00:00,3,0,0,1,29.52,33.335,51,11.0014,78,123,201
2012-04-08 03:00:00,2,0,0,1,17.22,21.21,26,8.9981,8,18,26
2011-11-04 10:00:00,4,0,1,2,17.22,21.21,71,22.0028,19,115,134
2012-04-07 14:00:00,2,0,0,1,20.5,24.24,22,19.9995,326,252,578
2012-09-19 20:00:00,3,0,1,1,21.32,25,48,11.0014,31,378,409
2012-12-01 19:00:00,4,0,0,2,13.12,17.425,81,0,30,219,249
2011-03-15 22:00:00,1,0,1,2,13.12,15.91,87,11.0014,1,20,21
2011-09-15 01:00:00,3,0,1,1,26.24,30.305,69,11.0014,0,20,20
2012-02-07 00:00:00,1,0,1,1,12.3,14.395,70,12.998,1,22,23
2011-08-18 18:00:00,3,0,1,3,31.16,34.85,55,16.9979,48,226,274
2012-11-04 19:00:00,4,0,0,1,14.76,16.665,43,16.9979,24,203,227
2012-01-12 02:00:00,1,0,1,3,14.76,17.425,93,16.9979,1,1,2
2011-09-17 20:00:00,3,0,0,1,21.32,25,68,8.9981,43,133,176
2012-05-19 19:00:00,2,0,0,1,28.7,31.82,39,8.9981,203,229,432
2011-06-18 05:00:00,2,0,0,1,25.42,28.79,83,0,1,6,7
2012-05-10 15:00:00,2,0,1,1,22.14,25.76,37,26.0027,79,192,271
2012-07-06 23:00:00,3,0,1,1,32.8,39.395,63,7.0015,27,137,164
2011-05-01 17:00:00,2,0,0,2,19.68,23.485,82,16.9979,60,136,196
2012-08-08 11:00:00,3,0,1,2,32.8,37.12,52,0,80,159,239
2012-05-02 16:00:00,2,0,1,1,26.24,30.305,65,11.0014,54,313,367
2012-10-02 14:00:00,4,0,1,3,24.6,27.275,88,8.9981,16,147,163
2012-11-17 05:00:00,4,0,0,1,9.84,12.12,70,11.0014,1,10,11
2012-01-06 07:00:00,1,0,1,2,9.84,14.395,65,0,4,201,205
2011-11-10 14:00:00,4,0,1,3,14.76,16.665,87,19.0012,6,58,64
2012-02-01 13:00:00,1,0,1,1,18.86,22.725,47,15.0013,12,174,186
2012-11-05 01:00:00,4,0,1,2,12.3,15.15,56,11.0014,0,8,8
2012-12-03 16:00:00,4,0,1,1,24.6,31.06,53,8.9981,45,397,442
2012-06-19 23:00:00,2,0,1,1,29.52,34.85,79,8.9981,23,102,125
2012-06-16 08:00:00,2,0,0,1,23.78,27.275,64,11.0014,47,157,204
2011-12-10 03:00:00,4,0,0,2,11.48,15.15,61,6.0032,5,20,25
2012-03-04 07:00:00,1,0,0,2,12.3,13.635,52,19.9995,2,21,23
2011-06-13 13:00:00,2,0,1,1,28.7,31.82,37,0,53,174,227
2012-09-09 10:00:00,3,0,0,1,26.24,31.06,57,19.9995,172,323,495
2012-09-19 01:00:00,3,0,1,2,22.14,25.76,68,16.9979,0,12,12
2011-11-18 19:00:00,4,0,1,1,11.48,13.635,41,11.0014,7,183,190
2012-01-11 05:00:00,1,0,1,1,8.2,10.605,80,8.9981,0,22,22
2012-08-03 15:00:00,3,0,1,1,36.08,40.91,42,16.9979,112,268,380
2011-04-04 01:00:00,2,0,1,1,16.4,20.455,56,23.9994,7,4,11
2011-07-10 02:00:00,3,0,0,1,27.88,31.82,69,6.0032,28,68,96
2011-07-12 23:00:00,3,0,1,1,31.98,35.605,52,0,20,59,79
2011-08-01 22:00:00,3,0,1,1,28.7,32.575,70,6.0032,21,116,137
2011-06-05 06:00:00,2,0,0,2,25.42,30.305,61,7.0015,10,11,21
2012-01-16 14:00:00,1,1,0,1,9.84,10.605,44,26.0027,23,158,181
2011-03-09 11:00:00,1,0,1,2,13.12,14.395,76,26.0027,15,44,59
2011-06-06 14:00:00,2,0,1,1,31.98,34.09,31,8.9981,46,99,145
2012-07-13 08:00:00,3,0,1,2,28.7,32.575,54,0,53,660,713
2011-03-15 19:00:00,1,0,1,2,13.94,15.91,71,19.0012,14,138,152
2012-12-06 01:00:00,4,0,1,1,10.66,12.12,48,19.0012,0,16,16
2012-03-15 17:00:00,1,0,1,1,28.7,31.82,39,16.9979,79,634,713
2012-05-13 00:00:00,2,0,0,1,22.96,26.515,64,11.0014,19,79,98
2012-12-07 14:00:00,4,0,1,2,14.76,17.425,71,11.0014,40,175,215
2011-07-14 22:00:00,3,0,1,1,26.24,31.06,57,6.0032,42,134,176
2012-12-09 08:00:00,4,0,0,3,16.4,20.455,87,11.0014,1,68,69
2012-10-04 01:00:00,4,0,1,2,25.42,27.275,94,0,2,23,25
2012-09-04 23:00:00,3,0,1,1,29.52,34.85,74,19.9995,12,83,95
2011-04-02 10:00:00,2,0,0,2,14.76,17.425,57,11.0014,41,113,154
2011-02-17 03:00:00,1,0,1,1,13.94,16.665,53,12.998,3,1,4
2012-03-08 11:00:00,1,0,1,2,22.14,25.76,60,31.0009,48,156,204
2011-01-12 21:00:00,1,0,1,1,6.56,6.82,55,22.0028,0,57,57
2011-11-06 02:00:00,4,0,0,1,10.66,15.15,81,0,6,23,29
2011-01-10 05:00:00,1,0,1,1,4.1,5.305,54,16.9979,0,3,3
2012-07-17 20:00:00,3,0,1,1,35.26,37.88,34,11.0014,52,375,427
2011-03-08 18:00:00,1,0,1,1,13.94,16.665,27,12.998,21,214,235
2011-09-19 09:00:00,3,0,1,2,22.14,25.76,68,11.0014,32,183,215
2012-11-10 19:00:00,4,0,0,1,18.86,22.725,51,6.0032,55,228,283
2012-11-17 09:00:00,4,0,0,1,13.94,15.91,49,15.0013,48,200,248
2011-10-04 19:00:00,4,0,1,1,21.32,25,68,15.0013,35,310,345
2011-08-19 09:00:00,3,0,1,1,28.7,32.575,65,8.9981,31,187,218
2011-01-01 19:00:00,1,0,0,3,17.22,21.21,88,16.9979,6,31,37
2011-05-10 00:00:00,2,0,1,1,19.68,23.485,63,0,6,12,18
2011-11-15 18:00:00,4,0,1,2,20.5,24.24,72,19.0012,27,414,441
2011-09-02 23:00:00,3,0,1,2,26.24,30.305,73,11.0014,30,68,98
2011-02-19 04:00:00,1,0,0,1,16.4,20.455,15,22.0028,0,3,3
2012-09-08 08:00:00,3,0,0,1,28.7,33.335,79,22.0028,33,197,230
2012-02-10 07:00:00,1,0,1,1,8.2,10.605,59,11.0014,5,225,230
2012-08-18 08:00:00,3,0,0,1,26.24,30.305,69,16.9979,28,161,189
2011-04-19 02:00:00,2,0,1,1,18.86,22.725,67,19.0012,8,5,13
2011-06-13 17:00:00,2,0,1,1,28.7,31.82,39,22.0028,72,529,601
2012-03-16 16:00:00,1,0,1,3,19.68,23.485,77,0,18,111,129
2012-12-10 22:00:00,4,0,1,2,20.5,24.24,82,15.0013,11,115,126
2011-08-06 00:00:00,3,0,0,1,27.06,30.305,78,12.998,29,104,133
2011-04-05 06:00:00,2,0,1,2,19.68,23.485,88,22.0028,2,36,38
2012-04-16 07:00:00,2,1,0,1,21.32,25,83,8.9981,20,367,387
2011-09-07 13:00:00,3,0,1,3,24.6,27.275,88,0,2,9,11
2011-06-06 09:00:00,2,0,1,1,28.7,32.575,58,11.0014,26,162,188
2011-04-13 06:00:00,2,0,1,3,15.58,19.695,94,15.0013,1,33,34
2012-07-10 11:00:00,3,0,1,1,32.8,36.365,46,12.998,92,157,249
2011-11-16 16:00:00,4,0,1,3,19.68,23.485,94,7.0015,13,110,123
2012-12-13 10:00:00,4,0,1,1,13.12,15.15,45,19.0012,28,139,167
2011-02-19 23:00:00,1,0,0,1,11.48,12.12,33,30.0026,4,25,29
2012-12-12 22:00:00,4,0,1,2,12.3,14.395,52,15.0013,4,118,122
2012-11-05 12:00:00,4,0,1,1,14.76,16.665,43,22.0028,38,206,244
2011-04-13 03:00:00,2,0,1,3,16.4,20.455,94,22.0028,0,2,2
2011-05-16 04:00:00,2,0,1,1,20.5,24.24,100,8.9981,1,5,6
2012-06-02 20:00:00,2,0,0,1,25.42,31.06,35,19.0012,139,260,399
2011-12-08 23:00:00,4,0,1,1,9.84,12.88,70,7.0015,3,58,61
2011-09-13 23:00:00,3,0,1,1,26.24,29.545,78,7.0015,15,59,74
2012-12-09 02:00:00,4,0,0,2,16.4,20.455,87,7.0015,8,70,78
2012-09-15 01:00:00,3,0,0,1,24.6,29.545,73,0,8,101,109
2011-06-11 15:00:00,2,0,0,1,33.62,38.635,49,7.0015,142,232,374
2011-04-14 12:00:00,2,0,1,1,22.14,25.76,42,8.9981,35,110,145
2012-01-02 08:00:00,1,1,0,1,9.84,11.365,35,16.9979,2,51,53
2012-03-14 01:00:00,1,0,1,1,21.32,25,63,6.0032,2,25,27
2011-12-17 02:00:00,4,0,0,2,11.48,13.635,56,15.0013,11,47,58
2012-05-06 02:00:00,2,0,0,2,22.14,25.76,83,19.0012,29,64,93
2011-02-19 12:00:00,1,0,0,1,18.04,21.97,18,32.9975,38,81,119
2012-08-14 23:00:00,3,0,1,1,29.52,34.09,66,11.0014,53,114,167
2012-12-15 20:00:00,4,0,0,2,14.76,17.425,57,12.998,23,178,201
2012-10-07 11:00:00,4,0,0,2,17.22,21.21,71,7.0015,76,260,336
2012-11-15 20:00:00,4,0,1,1,13.94,17.425,61,7.0015,23,262,285
2012-10-19 05:00:00,4,0,1,2,22.14,25.76,88,0,1,35,36
2011-05-16 20:00:00,2,0,1,1,23.78,27.275,83,0,31,167,198
2011-08-07 17:00:00,3,0,0,3,30.34,35.605,74,43.0006,63,131,194
2011-10-12 13:00:00,4,0,1,3,22.14,25.76,88,15.0013,25,76,101
2011-10-07 13:00:00,4,0,1,1,24.6,31.06,46,0,95,210,305
2012-02-19 00:00:00,1,0,0,2,13.94,15.15,39,23.9994,9,65,74
2011-10-11 04:00:00,4,0,1,2,21.32,25,88,8.9981,0,5,5
2011-06-19 19:00:00,2,0,0,1,29.52,34.09,62,8.9981,94,217,311
2012-05-01 10:00:00,2,0,1,1,25.42,29.545,78,16.9979,30,144,174
2012-09-16 15:00:00,3,0,0,1,26.24,31.06,41,11.0014,215,342,557
2011-05-05 16:00:00,2,0,1,1,23.78,27.275,24,27.9993,36,233,269
2011-09-07 14:00:00,3,0,1,3,24.6,25.76,93,0,1,24,25
2012-07-03 15:00:00,3,0,1,2,36.9,38.635,24,0,71,330,401
2011-09-09 21:00:00,3,0,1,1,27.06,29.545,89,0,49,154,203
2011-08-07 15:00:00,3,0,0,3,29.52,34.85,74,19.9995,118,208,326
2011-02-02 21:00:00,1,0,1,1,9.02,9.85,47,22.0028,1,62,63
2011-11-06 06:00:00,4,0,0,1,10.66,14.395,81,6.0032,5,11,16
2011-08-14 16:00:00,3,0,0,1,30.34,34.85,66,11.0014,116,176,292
2011-06-04 02:00:00,2,0,0,1,22.14,25.76,56,12.998,18,41,59
2011-12-18 06:00:00,4,0,0,1,8.2,10.605,59,8.9981,0,3,3
2012-01-07 10:00:00,1,0,0,1,11.48,15.15,75,6.0032,43,160,203
2011-03-15 20:00:00,1,0,1,2,13.94,15.91,71,19.0012,9,79,88
2011-04-05 01:00:00,2,0,1,3,25.42,31.06,57,27.9993,10,5,15
2011-01-01 03:00:00,1,0,0,1,9.84,14.395,75,0,3,10,13
2011-02-01 09:00:00,1,0,1,2,6.56,11.365,93,0,2,114,116
2012-05-03 00:00:00,2,0,1,2,19.68,23.485,82,15.0013,15,75,90
2012-12-13 06:00:00,4,0,1,1,10.66,12.12,56,16.9979,2,112,114
2012-05-12 11:00:00,2,0,0,1,25.42,31.06,41,6.0032,157,365,522
2011-09-07 20:00:00,3,0,1,3,26.24,28.79,89,6.0032,3,93,96
2011-12-11 18:00:00,4,0,0,1,9.84,11.365,48,12.998,12,151,163
2012-06-10 09:00:00,2,0,0,1,28.7,32.575,58,0,91,175,266
2012-10-02 11:00:00,4,0,1,3,23.78,27.275,94,8.9981,7,92,99
2012-06-13 02:00:00,2,0,1,1,25.42,28.79,83,8.9981,0,4,4
2012-04-18 16:00:00,2,0,1,2,17.22,21.21,77,15.0013,36,199,235
2012-08-05 11:00:00,3,0,0,1,33.62,39.395,56,27.9993,155,282,437
2011-11-11 03:00:00,4,1,0,1,12.3,14.395,61,12.998,0,6,6
2012-10-13 12:00:00,4,0,0,1,18.04,21.97,35,0,202,371,573
2011-03-08 03:00:00,1,0,1,1,9.84,12.88,52,6.0032,5,2,7
2011-06-12 12:00:00,2,0,0,1,33.62,37.88,46,0,176,244,420
2012-05-12 03:00:00,2,0,0,1,19.68,23.485,59,0,14,20,34
2011-07-15 11:00:00,3,0,1,1,28.7,32.575,54,8.9981,73,137,210
2012-05-08 00:00:00,2,0,1,2,21.32,25,52,16.9979,10,28,38
2011-05-11 03:00:00,2,0,1,1,20.5,24.24,63,15.0013,0,3,3
2011-07-01 16:00:00,3,0,1,1,33.62,34.85,17,0,85,342,427
2011-12-12 14:00:00,4,0,1,2,13.12,16.665,53,8.9981,16,95,111
2011-11-06 10:00:00,4,0,0,1,14.76,18.18,66,6.0032,76,186,262
2012-03-07 16:00:00,1,0,1,1,22.96,26.515,37,27.9993,34,254,288
2012-07-19 19:00:00,3,0,1,1,34.44,37.88,44,16.9979,53,480,533
2012-06-16 15:00:00,2,0,0,1,30.34,32.575,35,16.9979,295,288,583
2011-03-04 14:00:00,1,0,1,1,14.76,16.665,40,19.0012,30,65,95
2011-11-14 11:00:00,4,0,1,2,22.14,25.76,60,19.0012,22,106,128
2011-09-18 06:00:00,3,0,0,1,18.04,21.97,77,16.9979,2,10,12
2012-03-10 19:00:00,1,0,0,1,13.94,18.18,25,0,25,159,184
2011-02-12 10:00:00,1,0,0,1,9.02,10.605,41,16.9979,13,71,84
2012-09-11 10:00:00,3,0,1,1,25.42,31.06,38,0,54,142,196
2011-09-04 00:00:00,3,0,0,1,27.06,29.545,89,12.998,33,76,109
2011-02-08 07:00:00,1,0,1,1,9.84,9.85,65,27.9993,3,97,100
2012-12-19 20:00:00,4,0,1,1,14.76,17.425,57,15.0013,10,231,241
2012-02-12 00:00:00,1,0,0,3,4.1,3.79,68,26.0027,0,21,21
2011-09-03 10:00:00,3,0,0,3,27.06,31.06,65,16.9979,90,168,258
2012-01-15 09:00:00,1,0,0,1,4.92,6.82,54,12.998,10,80,90
2012-10-08 04:00:00,4,1,0,1,13.12,16.665,87,8.9981,1,6,7
2012-05-15 19:00:00,2,0,1,1,27.06,31.06,69,11.0014,57,455,512
2011-09-11 18:00:00,3,0,0,1,27.88,31.82,65,19.9995,110,229,339
2012-04-11 05:00:00,2,0,1,1,11.48,13.635,56,12.998,1,26,27
2011-09-16 15:00:00,3,0,1,2,22.14,25.76,45,15.0013,38,165,203
2012-03-03 19:00:00,1,0,0,1,18.86,22.725,33,11.0014,34,191,225
2012-03-04 04:00:00,1,0,0,2,13.94,16.665,46,12.998,3,11,14
2012-05-04 21:00:00,2,0,1,1,26.24,30.305,69,12.998,49,186,235
2011-05-06 23:00:00,2,0,1,1,18.04,21.97,82,8.9981,27,93,120
2011-11-05 13:00:00,4,0,0,1,16.4,20.455,37,7.0015,148,207,355
2011-10-04 05:00:00,4,0,1,1,16.4,20.455,82,8.9981,2,25,27
2012-08-16 13:00:00,3,0,1,1,32.8,34.85,31,15.0013,81,219,300
2012-12-04 18:00:00,4,0,1,1,20.5,24.24,63,15.0013,38,693,731
2011-12-06 16:00:00,4,0,1,3,18.86,22.725,100,16.9979,4,84,88
2012-07-18 12:00:00,3,0,1,1,37.72,43.18,37,8.9981,36,166,202
2012-10-19 21:00:00,4,0,1,1,20.5,24.24,77,0,17,189,206
2012-08-13 15:00:00,3,0,1,1,33.62,36.365,34,15.0013,80,194,274
2011-11-03 07:00:00,4,0,1,2,13.12,16.665,81,6.0032,12,280,292
2011-01-02 04:00:00,1,0,0,2,18.86,22.725,94,12.998,2,1,3
2012-02-07 11:00:00,1,0,1,1,14.76,17.425,46,12.998,9,120,129
2011-06-06 23:00:00,2,0,1,1,26.24,30.305,69,6.0032,5,55,60
2011-07-13 04:00:00,3,0,1,1,30.34,34.09,58,16.9979,0,5,5
2011-08-07 02:00:00,3,0,0,2,28.7,33.335,84,15.0013,18,48,66
2011-07-05 21:00:00,3,0,1,1,31.98,37.12,62,16.9979,77,168,245
2011-12-14 14:00:00,4,0,1,2,15.58,19.695,54,6.0032,17,134,151
2011-05-01 10:00:00,2,0,0,2,19.68,23.485,63,12.998,109,155,264
2011-03-17 09:00:00,1,0,1,1,16.4,20.455,62,16.9979,23,162,185
2012-06-06 16:00:00,2,0,1,1,26.24,31.06,41,8.9981,107,345,452
2012-05-17 20:00:00,2,0,1,1,24.6,31.06,40,12.998,83,363,446
2012-02-08 10:00:00,1,0,1,2,10.66,12.88,70,15.0013,1,107,108
2011-09-11 04:00:00,3,0,0,1,24.6,28.03,83,8.9981,3,6,9
2012-10-10 17:00:00,4,0,1,1,23.78,27.275,43,15.0013,91,857,948
2011-04-11 17:00:00,2,0,1,1,30.34,33.335,48,35.0008,100,352,452
2011-01-06 16:00:00,1,0,1,1,10.66,12.88,38,11.0014,12,74,86
2011-03-14 06:00:00,1,0,1,1,10.66,13.635,65,8.9981,1,27,28
2011-08-15 08:00:00,3,0,1,1,26.24,29.545,78,22.0028,29,326,355
2012-12-08 01:00:00,4,0,0,2,14.76,17.425,93,8.9981,16,84,100
2012-03-15 16:00:00,1,0,1,1,29.52,32.575,37,26.0027,95,331,426
2012-03-06 13:00:00,1,0,1,1,12.3,15.15,39,8.9981,16,148,164
2012-08-17 23:00:00,3,0,1,3,26.24,12.12,83,15.0013,21,100,121
2011-08-12 07:00:00,3,0,1,1,26.24,31.06,44,11.0014,17,247,264
2011-07-11 15:00:00,3,0,1,1,35.26,42.425,56,27.9993,38,108,146
2011-05-02 01:00:00,2,0,1,1,18.86,22.725,72,8.9981,41,73,114
2011-01-15 19:00:00,1,0,0,2,13.12,15.15,39,16.9979,14,60,74
2012-06-11 03:00:00,2,0,1,1,26.24,29.545,78,7.0015,2,4,6
2012-05-04 07:00:00,2,0,1,1,22.96,26.515,88,0,9,347,356
2011-06-05 17:00:00,2,0,0,1,30.34,33.335,51,0,126,264,390
2012-08-11 16:00:00,3,0,0,1,32.8,36.365,46,19.9995,227,304,531
2012-09-09 08:00:00,3,0,0,1,23.78,27.275,68,15.0013,27,143,170
2012-11-02 21:00:00,4,0,1,2,14.76,16.665,46,23.9994,23,133,156
2011-09-04 16:00:00,3,0,0,1,32.8,38.635,59,15.0013,196,141,337
2011-02-08 01:00:00,1,0,1,2,11.48,15.91,87,0,0,4,4
2011-09-03 01:00:00,3,0,0,2,26.24,30.305,69,16.9979,17,57,74
2012-04-10 03:00:00,2,0,1,1,14.76,17.425,71,8.9981,0,2,2
2012-08-16 17:00:00,3,0,1,1,33.62,36.365,34,12.998,130,767,897
2011-02-15 07:00:00,1,0,1,1,8.2,9.09,32,23.9994,2,103,105
2012-02-18 20:00:00,1,0,0,1,18.04,21.97,44,11.0014,25,123,148
2011-09-12 13:00:00,3,0,1,1,29.52,33.335,54,7.0015,43,120,163
2011-09-04 15:00:00,3,0,0,1,31.98,37.88,66,19.0012,218,192,410
2011-08-08 19:00:00,3,0,1,1,33.62,37.12,43,7.0015,64,352,416
2012-08-15 06:00:00,3,0,1,1,26.24,29.545,78,7.0015,12,160,172
2012-04-05 23:00:00,2,0,1,1,16.4,20.455,50,8.9981,12,124,136
2011-06-05 21:00:00,2,0,0,1,26.24,30.305,73,11.0014,54,111,165
2011-07-04 06:00:00,3,1,0,1,26.24,28.79,89,11.0014,5,11,16
2011-10-12 23:00:00,4,0,1,3,22.14,25.76,94,6.0032,13,41,54
2011-04-05 12:00:00,2,0,1,2,13.94,15.15,71,26.0027,6,32,38
2011-04-01 03:00:00,2,0,1,2,9.84,11.365,93,16.9979,0,4,4
2011-03-18 08:00:00,1,0,1,1,17.22,21.21,67,16.9979,24,256,280
2012-10-09 02:00:00,4,0,1,3,14.76,16.665,87,16.9979,2,5,7
2012-08-18 20:00:00,3,0,0,1,28.7,31.82,45,7.0015,99,242,341
2011-07-15 12:00:00,3,0,1,1,28.7,32.575,48,12.998,61,177,238
2012-07-09 22:00:00,3,0,1,2,29.52,33.335,58,7.0015,35,189,224
2011-06-09 01:00:00,2,0,1,1,30.34,35.605,79,7.0015,3,13,16
2012-01-13 22:00:00,1,0,1,1,8.2,9.09,47,22.0028,7,58,65
2012-03-16 00:00:00,1,0,1,1,18.04,21.97,77,16.9979,8,49,57
2012-03-17 12:00:00,1,0,0,1,22.96,26.515,68,11.0014,286,365,651
2011-09-19 14:00:00,3,0,1,2,24.6,30.305,60,12.998,45,143,188
2011-08-03 19:00:00,3,0,1,3,28.7,33.335,84,0,51,270,321
2012-07-05 23:00:00,3,0,1,1,32.8,37.88,55,11.0014,32,99,131
2012-01-13 02:00:00,1,0,1,1,16.4,20.455,76,23.9994,1,13,14
2011-11-04 21:00:00,4,0,1,1,13.94,15.91,46,16.9979,8,115,123
2012-11-06 06:00:00,4,0,1,1,9.02,11.365,69,8.9981,6,143,149
2011-03-15 09:00:00,1,0,1,2,12.3,16.665,70,0,10,147,157
2012-09-03 17:00:00,3,1,0,1,30.34,34.85,70,8.9981,181,317,498
2012-10-07 07:00:00,4,0,0,3,17.22,21.21,58,11.0014,6,29,35
2012-12-07 21:00:00,4,0,1,2,14.76,18.18,93,7.0015,9,162,171
2012-05-10 10:00:00,2,0,1,1,20.5,24.24,51,27.9993,42,112,154
2011-04-19 14:00:00,2,0,1,2,22.14,25.76,64,12.998,19,88,107
2012-09-02 12:00:00,3,0,0,3,30.34,34.85,70,0,248,297,545
2012-08-19 16:00:00,3,0,0,2,27.06,31.06,65,0,97,259,356
2012-06-09 02:00:00,2,0,0,1,26.24,31.06,50,15.0013,21,68,89
2011-01-14 09:00:00,1,0,1,1,5.74,7.575,69,8.9981,0,117,117
2012-06-09 00:00:00,2,0,0,1,26.24,31.06,53,7.0015,54,152,206
2012-01-03 12:00:00,1,0,1,1,7.38,6.82,37,35.0008,4,70,74
2012-04-17 08:00:00,2,0,1,1,24.6,31.06,43,15.0013,42,631,673
2012-03-13 01:00:00,1,0,1,2,21.32,25,59,15.0013,2,14,16
2011-06-14 10:00:00,2,0,1,1,25.42,31.06,46,15.0013,33,97,130
2011-03-02 11:00:00,1,0,1,1,13.94,15.15,53,22.0028,8,65,73
2012-10-05 01:00:00,4,0,1,1,22.14,25.76,68,7.0015,3,43,46
2012-09-07 15:00:00,3,0,1,1,32.8,37.88,55,16.9979,66,265,331
2012-03-12 08:00:00,1,0,1,1,13.94,16.665,61,8.9981,17,547,564
2011-03-16 21:00:00,1,0,1,2,17.22,21.21,58,19.0012,3,75,78
2011-06-06 00:00:00,2,0,1,1,25.42,29.545,78,8.9981,11,18,29
2011-10-03 06:00:00,4,0,1,2,14.76,18.94,71,0,3,91,94
2012-02-02 15:00:00,1,0,1,1,18.86,22.725,67,11.0014,24,150,174
2011-11-04 06:00:00,4,0,1,2,15.58,19.695,87,6.0032,2,64,66
2011-05-05 06:00:00,2,0,1,1,13.94,15.91,66,16.9979,3,86,89
2011-03-02 19:00:00,1,0,1,1,16.4,20.455,28,35.0008,6,144,150
2012-01-13 21:00:00,1,0,1,1,9.84,10.605,41,19.0012,7,95,102
2011-02-13 23:00:00,1,0,0,1,16.4,20.455,35,23.9994,3,27,30
2011-03-01 05:00:00,1,0,1,1,8.2,9.09,64,19.0012,1,1,2
2012-08-01 07:00:00,3,0,1,2,26.24,28.79,83,8.9981,19,468,487
2011-03-09 00:00:00,1,0,1,1,10.66,14.395,65,6.0032,0,9,9
2011-09-16 22:00:00,3,0,1,1,19.68,23.485,67,6.0032,32,135,167
2011-12-12 11:00:00,4,0,1,2,10.66,14.395,60,6.0032,15,100,115
2011-03-04 13:00:00,1,0,1,1,13.94,15.91,42,15.0013,13,74,87
2012-06-09 16:00:00,2,0,0,1,33.62,34.85,24,12.998,219,315,534
2011-06-11 12:00:00,2,0,0,1,32.8,37.88,55,15.0013,112,235,347
2011-07-16 12:00:00,3,0,0,1,31.16,34.09,43,19.0012,187,276,463
2011-09-08 11:00:00,3,0,1,2,26.24,28.03,94,15.0013,16,82,98
2012-05-13 01:00:00,2,0,0,2,22.14,25.76,68,8.9981,22,72,94
2011-02-06 22:00:00,1,0,0,1,10.66,15.15,60,0,5,57,62
2011-01-07 16:00:00,1,0,1,2,8.2,10.605,37,11.0014,5,82,87
2012-09-03 16:00:00,3,1,0,1,30.34,34.85,70,15.0013,165,335,500
2011-01-17 10:00:00,1,1,0,2,6.56,7.575,50,16.9979,7,50,57
2012-07-04 06:00:00,3,1,0,1,27.06,31.06,69,0,9,23,32
2011-10-05 10:00:00,4,0,1,1,22.96,26.515,56,26.0027,30,103,133
2012-05-11 22:00:00,2,0,1,1,22.96,26.515,35,15.0013,44,190,234
2012-06-01 13:00:00,2,0,1,1,29.52,34.09,70,19.9995,76,240,316
2012-04-14 07:00:00,2,0,0,1,14.76,18.18,71,7.0015,8,56,64
2011-09-09 13:00:00,3,0,1,1,28.7,33.335,79,6.0032,14,108,122
2011-01-04 20:00:00,1,0,1,1,9.84,12.88,48,7.0015,1,53,54
2012-08-10 11:00:00,3,0,1,3,27.88,31.82,79,8.9981,73,178,251
2012-07-04 07:00:00,3,1,0,1,27.88,31.82,65,0,10,62,72
2011-04-06 20:00:00,2,0,1,1,18.86,22.725,51,15.0013,15,126,141
2012-10-11 06:00:00,4,0,1,1,14.76,17.425,50,11.0014,1,158,159
2011-05-17 00:00:00,2,0,1,2,22.96,26.515,88,0,13,18,31
2011-02-02 09:00:00,1,0,1,2,9.84,12.88,93,6.0032,4,119,123
2012-08-12 01:00:00,3,0,0,1,25.42,29.545,78,8.9981,21,92,113
2011-12-14 01:00:00,4,0,1,1,10.66,15.15,75,0,0,8,8
2012-10-03 08:00:00,4,0,1,2,25.42,28.03,88,7.0015,28,781,809
2012-01-16 09:00:00,1,1,0,1,4.1,6.06,58,11.0014,7,89,96
2011-04-01 02:00:00,2,0,1,3,10.66,12.88,93,12.998,0,7,7
2012-03-15 02:00:00,1,0,1,1,20.5,24.24,59,0,14,5,19
2011-02-12 12:00:00,1,0,0,1,12.3,13.635,39,31.0009,27,93,120
2011-05-08 18:00:00,2,0,0,1,23.78,27.275,49,0,63,205,268
2011-10-12 11:00:00,4,0,1,3,22.14,25.76,94,22.0028,18,102,120
2012-03-16 17:00:00,1,0,1,3,19.68,23.485,82,6.0032,23,235,258
2011-03-05 05:00:00,1,0,0,2,12.3,15.15,100,8.9981,0,3,3
2011-06-03 23:00:00,2,0,1,1,23.78,27.275,46,7.0015,30,141,171
2012-03-09 19:00:00,1,0,1,1,17.22,21.21,28,40.9973,12,232,244
2011-02-13 02:00:00,1,0,0,2,8.2,11.365,75,6.0032,1,19,20
2012-11-16 17:00:00,4,0,1,1,14.76,17.425,46,12.998,41,539,580
2011-03-15 10:00:00,1,0,1,2,13.12,15.91,66,12.998,22,56,78
2012-11-02 22:00:00,4,0,1,1,14.76,16.665,46,16.9979,14,135,149
2012-04-06 11:00:00,2,0,1,1,16.4,20.455,37,19.9995,112,179,291
2012-01-15 17:00:00,1,0,0,1,9.02,10.605,25,16.9979,15,131,146
2012-12-11 06:00:00,4,0,1,2,13.94,15.15,71,19.9995,0,118,118
2012-09-14 22:00:00,3,0,1,1,25.42,28.79,83,12.998,40,189,229
2011-09-12 01:00:00,3,0,1,1,22.96,26.515,88,0,1,11,12
2011-03-11 02:00:00,1,0,1,3,13.94,17.425,100,7.0015,2,3,5
2012-01-05 05:00:00,1,0,1,2,8.2,11.365,59,6.0032,0,26,26
2011-09-19 13:00:00,3,0,1,2,24.6,30.305,60,0,53,124,177
2011-01-15 04:00:00,1,0,0,2,6.56,11.365,59,0,0,5,5
2012-02-10 12:00:00,1,0,1,2,12.3,15.15,42,8.9981,8,168,176
2011-09-14 08:00:00,3,0,1,1,25.42,28.79,83,11.0014,33,396,429
2011-04-09 03:00:00,2,0,0,3,12.3,14.395,100,16.9979,3,11,14
2012-04-15 06:00:00,2,0,0,1,20.5,24.24,63,8.9981,5,11,16
2012-11-11 11:00:00,4,0,0,1,18.86,22.725,59,8.9981,180,324,504
2012-07-12 12:00:00,3,0,1,1,31.98,34.09,35,8.9981,71,221,292
2011-06-14 14:00:00,2,0,1,2,26.24,31.06,47,12.998,41,118,159
2011-02-10 19:00:00,1,0,1,1,5.74,8.335,28,7.0015,2,110,112
2011-08-05 02:00:00,3,0,1,1,27.06,31.06,69,0,5,14,19
2012-05-12 10:00:00,2,0,0,1,22.96,26.515,49,6.0032,132,279,411
2011-08-03 04:00:00,3,0,1,2,31.16,34.85,52,11.0014,0,7,7
2012-04-19 19:00:00,2,0,1,1,23.78,27.275,46,8.9981,70,516,586
2011-04-06 21:00:00,2,0,1,1,18.86,22.725,41,19.0012,18,84,102
2012-05-18 11:00:00,2,0,1,1,25.42,31.06,43,0,109,225,334
2012-12-05 06:00:00,4,0,1,3,19.68,23.485,55,26.0027,5,119,124
2011-01-06 18:00:00,1,0,1,1,9.02,11.365,51,8.9981,5,158,163
2011-12-04 04:00:00,4,0,0,1,10.66,15.15,87,0,2,9,11
2011-08-04 13:00:00,3,0,1,1,31.16,35.605,58,0,63,142,205
2011-10-02 19:00:00,4,0,0,2,15.58,19.695,76,11.0014,34,128,162
2011-03-01 04:00:00,1,0,1,1,9.02,10.605,69,16.9979,0,1,1
2012-10-05 05:00:00,4,0,1,1,21.32,25,77,0,0,41,41
2012-10-06 00:00:00,4,0,0,1,22.96,26.515,83,11.0014,37,154,191
2011-01-03 11:00:00,1,0,1,1,8.2,9.09,40,22.0028,10,41,51
2011-09-08 07:00:00,3,0,1,3,25.42,27.275,94,7.0015,7,172,179
2011-10-03 04:00:00,4,0,1,1,13.94,17.425,87,7.0015,2,6,8
2012-10-10 23:00:00,4,0,1,1,18.04,21.97,58,12.998,17,119,136
2011-01-07 01:00:00,1,0,1,2,8.2,9.85,69,15.0013,2,5,7
2011-05-08 00:00:00,2,0,0,2,20.5,24.24,59,7.0015,22,78,100
2012-01-08 20:00:00,1,0,0,1,12.3,15.15,52,11.0014,7,119,126
2012-08-15 04:00:00,3,0,1,1,26.24,28.79,83,7.0015,0,4,4
2011-12-07 12:00:00,4,0,1,3,18.04,21.97,100,8.9981,4,29,33
2012-08-17 17:00:00,3,0,1,1,33.62,12.12,36,22.0028,144,647,791
2012-02-12 02:00:00,1,0,0,2,4.1,3.03,58,39.0007,1,26,27
2011-09-01 10:00:00,3,0,1,1,27.88,31.82,61,8.9981,46,92,138
2012-09-09 03:00:00,3,0,0,1,22.14,25.76,73,15.0013,14,32,46
2012-04-11 03:00:00,2,0,1,1,12.3,14.395,49,15.0013,0,2,2
2012-06-01 12:00:00,2,0,1,2,28.7,33.335,74,23.9994,72,238,310
2011-04-15 04:00:00,2,1,0,1,15.58,19.695,82,6.0032,0,3,3
2011-01-12 06:00:00,1,0,1,1,4.92,7.575,93,8.9981,0,16,16
2012-02-09 22:00:00,1,0,1,2,12.3,16.665,56,0,3,104,107
2012-02-03 00:00:00,1,0,1,1,13.12,14.395,53,26.0027,1,37,38
2012-04-18 19:00:00,2,0,1,2,17.22,21.21,77,8.9981,26,342,368
2012-08-07 12:00:00,3,0,1,2,32.8,37.88,55,8.9981,86,197,283
2012-08-06 01:00:00,3,0,1,1,29.52,34.85,79,6.0032,1,10,11
2012-10-16 14:00:00,4,0,1,1,22.14,25.76,39,16.9979,94,214,308
2011-05-10 20:00:00,2,0,1,1,22.14,25.76,60,8.9981,50,241,291
2011-11-09 09:00:00,4,0,1,1,13.94,18.18,93,0,22,197,219
2011-02-14 16:00:00,1,0,1,1,21.32,25,27,31.0009,16,102,118
2011-08-09 03:00:00,3,0,1,1,29.52,34.09,62,0,0,3,3
2012-09-01 16:00:00,3,0,0,2,34.44,39.395,49,11.0014,209,253,462
2011-10-07 06:00:00,4,0,1,1,17.22,21.21,88,0,3,84,87
2011-11-17 08:00:00,4,0,1,3,13.94,15.15,61,19.9995,12,343,355
2011-03-02 16:00:00,1,0,1,1,22.14,25.76,19,22.0028,27,112,139
2011-09-01 15:00:00,3,0,1,1,29.52,33.335,51,8.9981,39,135,174
2012-08-13 07:00:00,3,0,1,1,27.06,31.06,65,8.9981,11,425,436
2012-10-13 15:00:00,4,0,0,1,20.5,24.24,36,12.998,251,364,615
2011-12-15 06:00:00,4,0,1,1,13.12,15.91,66,12.998,2,90,92
2012-07-15 14:00:00,3,0,0,1,36.9,40.91,37,16.9979,162,314,476
2012-03-06 15:00:00,1,0,1,1,13.94,15.15,36,19.9995,24,142,166
2011-01-08 06:00:00,1,0,0,2,6.56,8.335,74,11.0014,0,2,2
2012-12-15 13:00:00,4,0,0,1,15.58,19.695,54,16.9979,88,368,456
2011-06-13 12:00:00,2,0,1,1,27.06,31.06,41,19.0012,35,161,196
2012-06-02 09:00:00,2,0,0,1,22.96,26.515,60,16.9979,89,243,332
2011-03-07 20:00:00,1,0,1,1,12.3,15.15,33,11.0014,5,87,92
2012-07-11 11:00:00,3,0,1,2,31.16,35.605,58,8.9981,56,173,229
2012-12-03 09:00:00,4,0,1,1,16.4,20.455,87,6.0032,19,289,308
2012-08-06 06:00:00,3,0,1,2,28.7,33.335,79,15.0013,4,137,141
2011-05-17 06:00:00,2,0,1,3,21.32,25,94,16.9979,0,49,49
2012-10-12 11:00:00,4,0,1,1,22.14,25.76,37,23.9994,61,252,313
2011-05-06 09:00:00,2,0,1,1,18.86,22.725,67,19.0012,27,161,188
2012-03-16 23:00:00,1,0,1,2,18.04,21.97,94,0,22,104,126
2011-03-09 09:00:00,1,0,1,2,10.66,12.12,87,16.9979,5,136,141
2011-11-14 20:00:00,4,0,1,1,24.6,31.06,53,23.9994,30,210,240
2012-11-03 20:00:00,4,0,0,1,13.94,16.665,53,8.9981,23,158,181
2012-07-12 15:00:00,3,0,1,1,32.8,35.605,36,12.998,63,208,271
2012-09-04 02:00:00,3,0,1,1,27.88,31.82,82,8.9981,1,4,5
2012-12-01 01:00:00,4,0,0,1,10.66,15.15,81,0,5,64,69
2012-09-04 05:00:00,3,0,1,2,27.06,29.545,89,0,1,37,38
2011-04-11 16:00:00,2,0,1,1,30.34,33.335,48,35.0008,73,162,235
2011-01-17 00:00:00,1,1,0,2,8.2,9.85,47,15.0013,1,16,17
2011-04-04 09:00:00,2,0,1,2,20.5,24.24,51,26.0027,24,134,158
2011-01-05 09:00:00,1,0,1,1,9.02,9.85,37,22.0028,6,109,115
2012-12-08 08:00:00,4,0,0,2,15.58,19.695,94,6.0032,5,106,111
2012-05-05 08:00:00,2,0,0,1,23.78,27.275,83,6.0032,42,155,197
2012-04-01 01:00:00,2,0,0,2,14.76,17.425,76,11.0014,13,49,62
2011-11-04 22:00:00,4,0,1,1,13.94,15.15,46,22.0028,6,109,115
2012-01-14 13:00:00,1,0,0,1,9.02,10.605,44,19.0012,38,182,220
2011-10-12 17:00:00,4,0,1,3,22.14,25.76,94,15.0013,16,235,251
2012-08-01 18:00:00,3,0,1,3,31.16,35.605,62,15.0013,105,786,891
2011-12-10 15:00:00,4,0,0,1,13.94,15.15,34,23.9994,60,239,299
2012-02-10 19:00:00,1,0,1,2,13.12,17.425,57,0,16,246,262
2012-10-15 14:00:00,4,0,1,2,24.6,28.79,78,19.0012,57,128,185
2012-07-11 13:00:00,3,0,1,2,32.8,35.605,42,11.0014,65,208,273
2011-10-19 19:00:00,4,0,1,2,24.6,27.275,88,8.9981,8,189,197
2012-05-17 04:00:00,2,0,1,1,24.6,30.305,64,22.0028,3,13,16
2012-06-07 19:00:00,2,0,1,1,28.7,31.82,34,19.0012,65,537,602
2012-03-15 19:00:00,1,0,1,2,26.24,31.06,50,12.998,72,353,425
2012-03-17 16:00:00,1,0,0,1,26.24,31.06,50,0,367,318,685
2011-10-05 15:00:00,4,0,1,1,26.24,31.06,47,19.0012,35,147,182
2011-01-09 18:00:00,1,0,0,1,6.56,6.82,40,22.0028,4,44,48
2012-08-18 00:00:00,3,0,0,2,26.24,28.79,83,15.0013,6,99,105
2012-06-11 20:00:00,2,0,1,2,30.34,33.335,48,15.0013,61,333,394
2011-06-05 14:00:00,2,0,0,1,28.7,32.575,58,11.0014,161,224,385
2011-04-14 18:00:00,2,0,1,1,22.96,26.515,30,0,47,290,337
2012-05-06 13:00:00,2,0,0,2,24.6,30.305,64,0,197,368,565
2012-02-06 21:00:00,1,0,1,1,13.12,15.91,57,11.0014,11,143,154
2011-02-15 05:00:00,1,0,1,1,9.02,9.09,32,31.0009,0,4,4
2012-08-17 04:00:00,3,0,1,1,26.24,12.12,73,11.0014,0,9,9
2012-03-19 15:00:00,1,0,1,1,26.24,31.06,57,15.0013,97,189,286
2012-10-07 04:00:00,4,0,0,2,18.04,21.97,54,16.9979,5,6,11
2012-10-09 09:00:00,4,0,1,2,17.22,21.21,77,15.0013,37,345,382
2011-07-19 19:00:00,3,0,1,1,31.16,37.12,75,12.998,54,334,388
2011-12-01 16:00:00,4,0,1,1,16.4,20.455,40,12.998,9,192,201
2012-02-15 15:00:00,1,0,1,1,17.22,21.21,41,15.0013,7,164,171
2011-09-12 06:00:00,3,0,1,1,22.96,26.515,83,0,1,108,109
2012-06-04 22:00:00,2,0,1,1,22.96,26.515,52,19.0012,41,127,168
2012-02-10 17:00:00,1,0,1,2,13.94,16.665,42,12.998,15,381,396
2012-04-07 23:00:00,2,0,0,1,18.86,22.725,23,15.0013,32,86,118
2012-09-19 19:00:00,3,0,1,1,22.96,26.515,43,15.0013,72,539,611
2012-03-02 05:00:00,1,0,1,1,12.3,16.665,70,0,0,24,24
2012-08-15 09:00:00,3,0,1,2,29.52,34.09,62,12.998,57,310,367
2012-08-02 17:00:00,3,0,1,1,33.62,38.635,52,16.9979,90,775,865
2012-07-05 21:00:00,3,0,1,1,34.44,38.635,47,12.998,91,232,323
2011-04-09 15:00:00,2,0,0,2,14.76,18.94,87,0,85,116,201
2011-08-10 17:00:00,3,0,1,1,34.44,35.605,26,19.9995,71,513,584
2011-06-16 05:00:00,2,0,1,1,24.6,30.305,64,12.998,7,18,25
2011-01-14 19:00:00,1,0,1,1,6.56,9.85,59,6.0032,3,89,92
2012-11-08 14:00:00,4,0,1,1,18.04,21.97,18,27.9993,33,149,182
2011-03-09 22:00:00,1,0,1,3,13.12,15.91,93,11.0014,4,17,21
2012-08-05 22:00:00,3,0,0,1,29.52,34.85,79,6.0032,57,100,157
2011-05-08 16:00:00,2,0,0,1,24.6,31.06,46,7.0015,122,263,385
2012-12-10 14:00:00,4,0,1,2,20.5,24.24,94,15.0013,31,179,210
2011-06-03 01:00:00,2,0,1,1,24.6,31.06,38,23.9994,7,15,22
2011-12-01 22:00:00,4,0,1,1,12.3,16.665,61,0,5,99,104
2011-03-18 07:00:00,1,0,1,1,16.4,20.455,66,12.998,11,112,123
2011-06-15 09:00:00,2,0,1,1,24.6,31.06,49,0,22,185,207
2011-10-11 18:00:00,4,0,1,2,24.6,28.79,78,15.0013,46,493,539
2012-04-01 18:00:00,2,0,0,1,21.32,25,52,19.9995,153,279,432
2012-07-08 17:00:00,3,0,0,1,31.98,37.12,59,0,68,202,270
2011-03-05 07:00:00,1,0,0,2,12.3,13.635,100,19.9995,5,10,15
2011-09-13 07:00:00,3,0,1,1,23.78,27.275,83,6.0032,14,348,362
2011-04-15 19:00:00,2,1,0,1,17.22,21.21,77,26.0027,41,168,209
2011-07-12 00:00:00,3,0,1,1,28.7,33.335,79,8.9981,3,19,22
2012-06-12 23:00:00,2,0,1,3,27.06,29.545,94,15.0013,11,78,89
2012-09-03 22:00:00,3,1,0,2,28.7,33.335,84,8.9981,17,104,121
2011-08-06 11:00:00,3,0,0,1,31.98,37.12,62,15.0013,138,211,349
2011-01-09 22:00:00,1,0,0,1,5.74,6.06,46,19.9995,5,10,15
2011-03-14 22:00:00,1,0,1,1,13.12,16.665,49,7.0015,4,43,47
2011-09-12 04:00:00,3,0,1,1,22.14,25.76,94,7.0015,0,4,4
2011-09-04 18:00:00,3,0,0,1,31.16,36.365,66,12.998,187,169,356
2012-03-12 10:00:00,1,0,1,1,16.4,20.455,50,15.0013,39,98,137
2011-10-13 19:00:00,4,0,1,2,25.42,28.79,83,11.0014,18,187,205
2011-03-18 13:00:00,1,0,1,1,26.24,31.06,41,19.0012,57,118,175
2012-08-07 07:00:00,3,0,1,2,28.7,33.335,74,8.9981,21,481,502
2012-01-19 12:00:00,1,0,1,1,8.2,9.85,51,12.998,5,106,111
2011-10-17 16:00:00,4,0,1,1,23.78,27.275,56,16.9979,64,238,302
2012-04-13 00:00:00,2,0,1,1,16.4,20.455,37,16.9979,14,41,55
2012-08-04 12:00:00,3,0,0,1,35.26,39.395,40,23.9994,222,325,547
2011-02-06 23:00:00,1,0,0,1,9.84,14.395,65,0,4,26,30
2011-10-06 21:00:00,4,0,1,1,18.86,22.725,88,6.0032,34,161,195
2011-08-13 11:00:00,3,0,0,2,30.34,34.85,70,12.998,122,192,314
2012-09-07 06:00:00,3,0,1,1,25.42,28.03,88,7.0015,5,135,140
2011-09-11 09:00:00,3,0,0,1,27.06,31.06,74,0,59,168,227
2012-05-08 14:00:00,2,0,1,3,25.42,30.305,69,22.0028,8,63,71
2012-12-02 18:00:00,4,0,0,2,18.04,21.97,72,7.0015,25,178,203
2012-01-07 15:00:00,1,0,0,1,23.78,27.275,37,19.9995,132,317,449
2012-05-19 14:00:00,2,0,0,1,29.52,32.575,30,6.0032,361,369,730
2011-03-01 14:00:00,1,0,1,1,13.12,16.665,36,8.9981,18,61,79
2011-08-10 20:00:00,3,0,1,1,31.16,33.335,31,8.9981,59,253,312
2012-07-02 21:00:00,3,0,1,1,31.16,34.09,45,8.9981,17,241,258
2011-10-15 11:00:00,4,0,0,1,22.96,26.515,40,26.0027,153,221,374
2012-05-16 04:00:00,2,0,1,1,22.14,25.76,94,8.9981,1,3,4
2012-02-16 19:00:00,1,0,1,2,13.12,15.91,87,11.0014,4,254,258
2011-10-08 21:00:00,4,0,0,1,21.32,25,77,0,54,133,187
2011-06-05 19:00:00,2,0,0,1,27.88,31.82,65,11.0014,108,249,357
2011-07-15 02:00:00,3,0,1,1,24.6,28.79,78,11.0014,16,22,38
2012-03-11 09:00:00,1,0,0,1,10.66,12.88,60,15.0013,20,70,90
2012-12-15 06:00:00,4,0,0,2,9.84,14.395,75,0,0,11,11
2011-05-14 16:00:00,2,0,0,2,22.14,25.76,94,12.998,107,188,295
2012-02-14 16:00:00,1,0,1,1,17.22,21.21,35,19.9995,15,251,266
2012-07-04 16:00:00,3,1,0,1,37.72,42.425,35,16.9979,163,226,389
2011-10-14 06:00:00,4,0,1,3,22.96,26.515,88,12.998,4,90,94
2011-09-10 11:00:00,3,0,0,1,29.52,34.09,62,16.9979,108,252,360
2012-07-11 05:00:00,3,0,1,1,26.24,28.79,89,0,5,36,41
2011-08-06 19:00:00,3,0,0,3,29.52,35.605,84,16.9979,57,114,171
2011-02-13 08:00:00,1,0,0,2,9.02,11.365,64,12.998,1,11,12
2012-04-03 13:00:00,2,0,1,1,22.96,26.515,19,16.9979,120,225,345
2012-01-08 23:00:00,1,0,0,1,10.66,12.12,56,16.9979,0,30,30
2011-05-14 22:00:00,2,0,0,3,22.14,25.76,94,11.0014,7,19,26
2012-11-11 00:00:00,4,0,0,1,13.94,17.425,81,6.0032,14,110,124
2012-09-12 08:00:00,3,0,1,1,22.96,26.515,64,7.0015,43,727,770
2011-12-12 19:00:00,4,0,1,1,11.48,15.15,61,6.0032,9,232,241
2011-11-01 14:00:00,4,0,1,1,20.5,24.24,48,16.9979,32,118,150
2011-05-01 04:00:00,2,0,0,1,16.4,20.455,76,7.0015,6,11,17
2012-10-13 14:00:00,4,0,0,1,19.68,23.485,33,12.998,243,354,597
2011-08-13 10:00:00,3,0,0,2,29.52,34.85,74,15.0013,97,163,260
2012-04-19 03:00:00,2,0,1,2,17.22,21.21,77,0,1,3,4
2012-05-16 01:00:00,2,0,1,2,23.78,27.275,88,8.9981,7,14,21
2011-07-09 14:00:00,3,0,0,1,34.44,37.12,36,8.9981,158,215,373
2011-12-06 08:00:00,4,0,1,2,18.86,22.725,94,12.998,13,401,414
2011-08-09 08:00:00,3,0,1,1,30.34,34.85,66,0,40,352,392
2011-06-15 05:00:00,2,0,1,1,19.68,23.485,67,19.0012,1,20,21
2011-02-17 22:00:00,1,0,1,1,20.5,24.24,59,19.0012,8,68,76
2012-12-10 05:00:00,4,0,1,2,15.58,19.695,94,7.0015,0,27,27
2012-08-08 06:00:00,3,0,1,2,28.7,33.335,84,11.0014,4,169,173
2011-12-18 22:00:00,4,0,0,1,9.02,11.365,75,12.998,2,47,49
2011-01-15 00:00:00,1,0,0,1,7.38,12.12,55,0,3,25,28
2011-11-09 02:00:00,4,0,1,1,13.12,17.425,93,0,0,5,5
2012-11-13 15:00:00,4,0,1,1,16.4,20.455,40,19.9995,33,184,217
2011-03-01 11:00:00,1,0,1,1,11.48,13.635,45,16.9979,8,48,56
2011-02-06 14:00:00,1,0,0,1,13.94,17.425,46,6.0032,47,114,161
2012-05-07 03:00:00,2,0,1,1,20.5,24.24,77,12.998,2,3,5
2012-08-19 03:00:00,3,0,0,2,25.42,30.305,61,11.0014,21,34,55
2012-12-10 06:00:00,4,0,1,2,15.58,19.695,94,11.0014,2,121,123
2011-02-10 04:00:00,1,0,1,2,5.74,6.82,59,15.0013,0,1,1
2011-03-18 03:00:00,1,0,1,1,14.76,17.425,71,12.998,1,4,5
2011-02-05 22:00:00,1,0,0,1,10.66,13.635,93,8.9981,2,43,45
2012-08-15 23:00:00,3,0,1,1,27.88,31.82,65,7.0015,18,120,138
2012-08-11 08:00:00,3,0,0,1,27.06,30.305,83,7.0015,30,132,162
2012-02-19 09:00:00,1,0,0,2,9.84,11.365,56,16.9979,20,73,93
2012-07-06 03:00:00,3,0,1,2,30.34,34.85,70,12.998,1,6,7
2011-01-06 15:00:00,1,0,1,1,11.48,13.635,36,0,8,54,62
2011-03-19 12:00:00,1,0,0,1,18.86,22.725,33,27.9993,126,141,267
2012-04-04 11:00:00,2,0,1,2,24.6,31.06,43,23.9994,61,152,213
2012-08-14 10:00:00,3,0,1,1,28.7,33.335,79,7.0015,53,155,208
2012-04-11 15:00:00,2,0,1,3,15.58,19.695,46,15.0013,50,152,202
2011-02-09 19:00:00,1,0,1,3,5.74,6.06,86,16.9979,1,87,88
2012-10-02 12:00:00,4,0,1,2,24.6,27.275,88,12.998,6,98,104
2011-09-05 13:00:00,3,1,0,2,30.34,34.85,70,8.9981,154,235,389
2011-05-15 11:00:00,2,0,0,1,24.6,28.79,78,15.0013,120,202,322
2012-02-04 04:00:00,1,0,0,1,9.84,12.88,81,6.0032,1,5,6
2012-08-13 00:00:00,3,0,1,1,27.06,31.06,65,7.0015,14,33,47
2012-03-11 07:00:00,1,0,0,1,9.02,11.365,69,8.9981,2,15,17
2011-12-16 21:00:00,4,0,1,2,13.12,15.91,45,11.0014,7,95,102
2012-07-02 23:00:00,3,0,1,1,30.34,33.335,51,7.0015,12,90,102
2012-11-02 12:00:00,4,0,1,1,17.22,21.21,41,23.9994,52,240,292
2012-06-19 00:00:00,2,0,1,2,24.6,28.79,78,11.0014,5,30,35
2011-01-03 22:00:00,1,0,1,1,5.74,7.575,69,8.9981,0,20,20
2011-02-02 03:00:00,1,0,1,3,9.02,11.365,93,8.9981,0,1,1
2012-02-07 23:00:00,1,0,1,1,13.12,16.665,57,8.9981,2,49,51
2012-09-11 00:00:00,3,0,1,1,21.32,25,59,7.0015,5,27,32
2011-05-10 12:00:00,2,0,1,2,24.6,31.06,38,0,47,170,217
2012-08-04 13:00:00,3,0,0,1,36.08,40.91,42,19.9995,195,332,527
2011-02-12 18:00:00,1,0,0,1,11.48,12.88,38,22.0028,4,60,64
2012-09-02 16:00:00,3,0,0,1,30.34,34.85,70,0,222,252,474
2011-04-09 08:00:00,2,0,0,2,13.12,15.15,93,11.0014,7,47,54
2012-02-07 04:00:00,1,0,1,2,12.3,16.665,70,0,0,3,3
2012-11-08 07:00:00,4,0,1,1,11.48,12.88,36,26.0027,12,411,423
2012-02-15 17:00:00,1,0,1,1,17.22,21.21,38,12.998,17,470,487
2011-05-03 20:00:00,2,0,1,1,27.06,31.06,61,12.998,28,262,290
2011-06-14 13:00:00,2,0,1,1,26.24,31.06,44,15.0013,33,176,209
2012-05-18 13:00:00,2,0,1,1,26.24,31.06,36,11.0014,98,297,395
2011-01-07 23:00:00,1,0,1,2,7.38,9.85,51,11.0014,1,14,15
2011-04-14 15:00:00,2,0,1,1,24.6,31.06,31,6.0032,57,85,142
2012-12-09 21:00:00,4,0,0,2,14.76,18.18,100,7.0015,10,86,96
2011-01-15 21:00:00,1,0,0,2,13.12,15.15,39,15.0013,6,51,57
2012-11-10 20:00:00,4,0,0,1,18.04,21.97,54,0,39,153,192
2012-03-07 21:00:00,1,0,1,1,18.04,21.97,62,16.9979,11,177,188
2011-06-11 06:00:00,2,0,0,1,28.7,32.575,61,8.9981,9,31,40
2012-12-10 07:00:00,4,0,1,2,15.58,19.695,94,16.9979,3,291,294
2011-09-05 08:00:00,3,1,0,2,27.06,30.305,78,12.998,45,56,101
2012-11-18 16:00:00,4,0,0,2,16.4,20.455,62,22.0028,59,313,372
2011-11-04 04:00:00,4,0,1,2,15.58,19.695,87,6.0032,1,6,7
2011-03-09 20:00:00,1,0,1,2,13.12,15.91,87,12.998,4,87,91
2011-12-17 09:00:00,4,0,0,2,10.66,12.12,56,16.9979,5,95,100
2011-02-17 19:00:00,1,0,1,1,19.68,23.485,55,22.0028,14,161,175
2012-12-05 15:00:00,4,0,1,1,19.68,23.485,33,19.0012,20,265,285
2012-07-19 07:00:00,3,0,1,1,30.34,34.09,58,19.0012,23,450,473
2011-12-11 03:00:00,4,0,0,1,6.56,9.09,59,8.9981,2,17,19
2012-05-05 18:00:00,2,0,0,2,27.06,31.06,69,23.9994,156,278,434
2012-06-10 16:00:00,2,0,0,1,34.44,37.12,36,19.0012,173,335,508
2012-11-17 04:00:00,4,0,0,1,9.84,11.365,70,12.998,1,6,7
2011-10-04 22:00:00,4,0,1,1,20.5,24.24,72,8.9981,8,106,114
2011-03-07 17:00:00,1,0,1,1,13.94,15.15,29,23.9994,27,206,233
2011-07-09 22:00:00,3,0,0,1,29.52,34.09,62,11.0014,60,154,214
2012-07-03 09:00:00,3,0,1,1,32.8,37.12,49,11.0014,46,226,272
2012-12-15 02:00:00,4,0,0,1,10.66,15.15,81,0,6,63,69
2011-11-12 01:00:00,4,0,0,1,9.84,12.12,60,8.9981,9,45,54
2011-03-16 08:00:00,1,0,1,2,13.12,15.91,93,0,26,227,253
2012-06-01 22:00:00,2,0,1,3,24.6,27.275,88,8.9981,1,22,23
2012-06-11 10:00:00,2,0,1,1,29.52,34.09,62,11.0014,52,95,147
2011-10-15 20:00:00,4,0,0,1,20.5,24.24,48,8.9981,42,137,179
2011-02-15 11:00:00,1,0,1,1,10.66,12.12,25,16.9979,11,46,57
2011-07-14 07:00:00,3,0,1,1,25.42,31.06,53,16.9979,23,311,334
2012-08-15 02:00:00,3,0,1,1,27.88,31.82,65,0,1,7,8
2011-06-02 15:00:00,2,0,1,1,32.8,34.09,21,26.0027,44,144,188
2012-10-13 05:00:00,4,0,0,1,12.3,14.395,61,12.998,0,11,11
2011-08-05 19:00:00,3,0,1,1,30.34,34.09,55,16.9979,90,282,372
2012-06-09 07:00:00,2,0,0,1,23.78,27.275,64,7.0015,26,61,87
2012-06-05 17:00:00,2,0,1,1,24.6,31.06,43,0,86,764,850
2012-01-03 04:00:00,1,0,1,1,6.56,7.575,55,16.9979,0,5,5
2012-10-18 05:00:00,4,0,1,1,18.04,21.97,82,15.0013,1,41,42
2011-05-13 16:00:00,2,0,1,2,21.32,25,88,8.9981,44,256,300
2011-02-10 07:00:00,1,0,1,1,4.1,3.79,50,27.9993,0,99,99
2012-07-15 10:00:00,3,0,0,1,31.16,36.365,66,8.9981,141,241,382
2012-11-11 20:00:00,4,0,0,1,18.04,21.97,62,11.0014,54,146,200
2012-06-18 18:00:00,2,0,1,2,25.42,30.305,69,11.0014,47,595,642
2011-07-01 19:00:00,3,0,1,1,31.98,33.335,25,12.998,80,238,318
2011-10-05 21:00:00,4,0,1,1,20.5,24.24,82,7.0015,28,173,201
2012-01-16 13:00:00,1,1,0,2,9.84,9.85,41,27.9993,26,202,228
2011-10-13 07:00:00,4,0,1,3,22.14,25.76,100,8.9981,5,76,81
2012-09-19 11:00:00,3,0,1,1,24.6,31.06,43,16.9979,44,203,247
2012-04-08 05:00:00,2,0,0,1,15.58,19.695,46,0,4,8,12
2012-03-05 04:00:00,1,0,1,1,8.2,11.365,55,6.0032,0,1,1
2011-09-08 18:00:00,3,0,1,3,26.24,28.03,94,23.9994,2,66,68
2011-10-19 00:00:00,4,0,1,2,21.32,25,77,12.998,11,23,34
2011-09-04 19:00:00,3,0,0,1,30.34,34.85,70,12.998,178,150,328
2012-03-16 15:00:00,1,0,1,3,18.86,22.725,82,7.0015,19,88,107
2012-02-14 19:00:00,1,0,1,2,14.76,17.425,50,11.0014,11,270,281
2011-11-07 19:00:00,4,0,1,1,18.86,22.725,59,0,20,280,300
2012-03-01 16:00:00,1,0,1,1,23.78,27.275,32,19.9995,38,323,361
2012-04-18 23:00:00,2,0,1,2,17.22,21.21,77,0,14,56,70
2012-10-04 19:00:00,4,0,1,1,27.06,31.06,57,7.0015,67,467,534
2011-02-07 15:00:00,1,0,1,2,15.58,19.695,54,6.0032,4,46,50
2012-10-16 00:00:00,4,0,1,1,18.86,22.725,63,26.0027,3,45,48
2011-03-13 18:00:00,1,0,0,1,16.4,20.455,43,23.9994,55,92,147
2011-09-09 16:00:00,3,0,1,1,30.34,34.85,66,8.9981,41,244,285
2011-09-13 06:00:00,3,0,1,1,22.96,26.515,88,7.0015,6,116,122
2012-11-12 07:00:00,4,1,0,1,16.4,20.455,87,0,16,248,264
2011-12-10 21:00:00,4,0,0,1,9.02,10.605,44,15.0013,4,79,83
2011-09-01 02:00:00,3,0,1,1,23.78,27.275,78,6.0032,14,11,25
2011-09-10 23:00:00,3,0,0,2,25.42,28.03,88,0,32,107,139
2012-07-15 22:00:00,3,0,0,1,29.52,34.85,74,7.0015,34,96,130
2011-08-15 13:00:00,3,0,1,1,31.98,35.605,52,19.0012,53,140,193
2011-10-09 04:00:00,4,0,0,1,18.04,21.97,88,0,7,7,14
2011-04-17 19:00:00,2,0,0,1,22.96,26.515,30,19.9995,75,135,210
2012-11-16 00:00:00,4,0,1,2,13.12,16.665,66,7.0015,7,58,65
2012-09-07 03:00:00,3,0,1,1,25.42,28.79,83,6.0032,0,9,9
2012-01-07 05:00:00,1,0,0,1,10.66,13.635,75,7.0015,2,7,9
2012-05-12 23:00:00,2,0,0,1,23.78,27.275,56,6.0032,42,134,176
2011-10-14 09:00:00,4,0,1,2,22.96,26.515,94,15.0013,16,164,180
2012-10-01 21:00:00,4,0,1,2,22.14,25.76,73,8.9981,13,205,218
2011-12-17 00:00:00,4,0,0,1,12.3,14.395,49,19.0012,3,59,62
2012-03-07 10:00:00,1,0,1,1,14.76,16.665,50,19.9995,20,127,147
2012-07-03 00:00:00,3,0,1,1,29.52,33.335,54,0,9,44,53
2011-12-04 11:00:00,4,0,0,1,13.94,16.665,81,11.0014,48,206,254
2012-11-01 10:00:00,4,0,1,3,14.76,17.425,62,12.998,13,133,146
2012-05-18 00:00:00,2,0,1,1,21.32,25,59,7.0015,13,57,70
2011-03-15 18:00:00,1,0,1,2,14.76,16.665,62,19.9995,18,207,225
2012-04-03 17:00:00,2,0,1,1,25.42,30.305,17,12.998,123,634,757
2012-04-13 04:00:00,2,0,1,2,13.94,16.665,53,8.9981,1,4,5
2011-01-10 11:00:00,1,0,1,2,6.56,6.82,47,19.0012,2,28,30
2011-06-10 07:00:00,2,0,1,1,29.52,34.09,66,7.0015,25,242,267
2012-10-11 20:00:00,4,0,1,1,17.22,21.21,62,11.0014,27,388,415
2011-05-08 17:00:00,2,0,0,3,23.78,27.275,49,19.0012,106,245,351
2012-10-13 02:00:00,4,0,0,1,13.94,16.665,53,12.998,7,60,67
2012-12-03 02:00:00,4,0,1,1,17.22,21.21,77,11.0014,1,9,10
2011-09-09 04:00:00,3,0,1,3,25.42,27.275,94,11.0014,0,3,3
2011-07-10 16:00:00,3,0,0,1,34.44,37.88,41,19.0012,128,244,372
2011-02-06 00:00:00,1,0,0,1,10.66,12.88,70,12.998,2,37,39
2012-11-11 02:00:00,4,0,0,1,13.12,16.665,87,7.0015,12,58,70
2012-06-11 14:00:00,2,0,1,2,33.62,36.365,34,19.0012,66,193,259
2012-11-12 09:00:00,4,1,0,1,18.04,21.97,88,7.0015,60,337,397
2011-08-10 02:00:00,3,0,1,1,29.52,33.335,54,11.0014,1,10,11
2012-09-13 00:00:00,3,0,1,1,22.96,26.515,73,6.0032,11,46,57
2011-12-15 00:00:00,4,0,1,1,13.12,15.91,70,11.0014,5,45,50
2011-06-12 06:00:00,2,0,0,1,25.42,28.03,88,7.0015,5,9,14
2012-11-09 10:00:00,4,0,1,1,14.76,16.665,50,22.0028,34,163,197
2012-08-06 23:00:00,3,0,1,1,29.52,34.85,74,12.998,16,97,113
2012-11-04 17:00:00,4,0,0,1,14.76,17.425,43,12.998,57,270,327
2011-03-11 17:00:00,1,0,1,1,13.94,15.91,49,15.0013,23,200,223
2011-10-13 03:00:00,4,0,1,2,22.14,25.76,100,12.998,2,4,6
2011-06-09 22:00:00,2,0,1,2,30.34,34.09,58,11.0014,22,131,153
2011-10-06 08:00:00,4,0,1,1,18.04,21.97,62,11.0014,20,437,457
2011-04-09 23:00:00,2,0,0,2,15.58,19.695,87,6.0032,12,45,57
2012-02-12 20:00:00,1,0,0,1,5.74,6.06,42,22.0028,1,56,57
2012-03-19 00:00:00,1,0,1,1,19.68,23.485,82,7.0015,4,19,23
2011-06-06 08:00:00,2,0,1,1,26.24,30.305,73,6.0032,28,410,438
2012-08-17 02:00:00,3,0,1,1,27.06,12.12,61,8.9981,4,15,19
2012-06-08 08:00:00,2,0,1,1,23.78,27.275,60,6.0032,37,663,700
2012-01-12 16:00:00,1,0,1,1,18.86,22.725,67,12.998,33,248,281
2011-05-10 05:00:00,2,0,1,1,16.4,20.455,66,15.0013,1,28,29
2011-07-13 18:00:00,3,0,1,1,29.52,34.85,79,8.9981,51,412,463
2012-09-14 15:00:00,3,0,1,2,29.52,33.335,48,8.9981,94,273,367
2011-11-14 22:00:00,4,0,1,1,23.78,27.275,56,23.9994,17,96,113
2011-11-13 02:00:00,4,0,0,1,14.76,18.18,57,7.0015,9,48,57
2011-06-01 22:00:00,2,0,1,1,30.34,34.85,66,8.9981,14,115,129
2011-09-09 17:00:00,3,0,1,1,28.7,33.335,79,16.9979,54,451,505
2011-12-08 05:00:00,4,0,1,1,9.02,10.605,64,15.0013,0,12,12
2011-11-13 20:00:00,4,0,0,1,20.5,24.24,31,23.9994,24,115,139
2011-10-08 00:00:00,4,0,0,1,19.68,23.485,72,0,17,72,89
2011-01-15 18:00:00,1,0,0,2,12.3,14.395,45,16.9979,15,69,84
2012-05-18 05:00:00,2,0,1,1,18.86,22.725,77,7.0015,1,33,34
2012-10-19 06:00:00,4,0,1,3,22.14,25.76,94,11.0014,5,126,131
2011-05-02 13:00:00,2,0,1,2,25.42,30.305,69,12.998,51,119,170
2012-06-17 18:00:00,2,0,0,1,26.24,31.06,53,12.998,203,310,513
2011-01-08 23:00:00,1,0,0,1,4.1,3.03,39,30.0026,0,22,22
2012-12-03 17:00:00,4,0,1,1,21.32,25,63,7.0015,43,665,708
2011-08-04 17:00:00,3,0,1,1,31.16,35.605,62,22.0028,91,464,555
2011-08-08 09:00:00,3,0,1,1,31.16,34.85,55,26.0027,37,146,183
2012-06-16 16:00:00,2,0,0,2,29.52,32.575,37,7.0015,238,304,542
2011-11-08 03:00:00,4,0,1,1,13.12,17.425,87,0,0,3,3
2011-08-16 07:00:00,3,0,1,1,26.24,30.305,69,16.9979,18,328,346
2011-08-14 08:00:00,3,0,0,2,27.06,29.545,89,19.0012,20,21,41
2012-09-14 13:00:00,3,0,1,2,28.7,32.575,54,12.998,107,301,408
2012-08-13 08:00:00,3,0,1,2,29.52,33.335,51,6.0032,25,648,673
2012-04-10 15:00:00,2,0,1,1,22.96,26.515,21,19.9995,46,157,203
2011-01-14 21:00:00,1,0,1,1,6.56,11.365,69,0,4,48,52
2011-04-19 21:00:00,2,0,1,2,20.5,24.24,72,8.9981,8,114,122
2011-12-07 11:00:00,4,0,1,3,18.04,21.97,100,6.0032,3,47,50
2011-08-04 22:00:00,3,0,1,1,27.88,31.82,74,12.998,33,141,174
2011-04-08 13:00:00,2,0,1,3,14.76,16.665,76,19.0012,7,35,42
2012-11-13 11:00:00,4,0,1,1,13.12,15.15,70,16.9979,22,133,155
2011-03-16 00:00:00,1,0,1,3,12.3,14.395,93,16.9979,0,8,8
2011-06-04 16:00:00,2,0,0,2,29.52,32.575,30,8.9981,168,272,440
2012-02-10 06:00:00,1,0,1,1,8.2,9.85,59,12.998,3,61,64
2012-06-07 11:00:00,2,0,1,1,27.06,31.06,47,15.0013,67,170,237
2011-03-02 05:00:00,1,0,1,1,9.02,10.605,69,15.0013,0,5,5
2011-06-17 17:00:00,2,0,1,3,31.16,34.09,40,12.998,85,467,552
2012-10-01 10:00:00,4,0,1,1,22.14,25.76,56,0,44,135,179
2011-06-07 02:00:00,2,0,1,1,24.6,29.545,73,6.0032,3,2,5
2012-04-01 11:00:00,2,0,0,2,16.4,20.455,71,12.998,180,271,451
2011-01-06 23:00:00,1,0,1,2,8.2,9.85,59,12.998,4,19,23
2011-02-15 12:00:00,1,0,1,1,11.48,13.635,24,16.9979,6,65,71
2011-07-11 22:00:00,3,0,1,1,29.52,34.85,74,8.9981,20,70,90
2012-03-15 20:00:00,1,0,1,2,23.78,27.275,60,23.9994,60,270,330
2012-05-05 23:00:00,2,0,0,2,22.96,26.515,83,19.0012,35,114,149
2012-01-08 03:00:00,1,0,0,1,13.94,16.665,42,8.9981,6,26,32
2011-11-04 19:00:00,4,0,1,1,16.4,20.455,37,23.9994,14,182,196
2012-04-13 22:00:00,2,0,1,1,18.04,21.97,62,7.0015,34,181,215
2012-01-02 13:00:00,1,1,0,1,12.3,13.635,36,19.9995,26,150,176
2011-09-07 23:00:00,3,0,1,3,25.42,27.275,94,12.998,3,21,24
2011-08-03 12:00:00,3,0,1,3,31.16,34.85,55,8.9981,19,142,161
2012-10-02 02:00:00,4,0,1,2,22.14,25.76,77,7.0015,0,2,2
2011-05-11 00:00:00,2,0,1,2,21.32,25,55,8.9981,8,30,38
2012-01-01 17:00:00,1,0,0,2,19.68,23.485,48,11.0014,36,75,111
2012-10-14 23:00:00,4,0,0,2,22.96,26.515,68,19.0012,27,78,105
2011-12-18 02:00:00,4,0,0,1,9.02,12.12,55,7.0015,2,39,41
2012-08-13 21:00:00,3,0,1,1,29.52,34.09,66,12.998,44,246,290
2011-03-11 03:00:00,1,0,1,2,13.12,16.665,93,6.0032,0,2,2
2011-12-11 12:00:00,4,0,0,1,10.66,15.15,35,0,42,246,288
2011-06-05 08:00:00,2,0,0,2,24.6,29.545,73,16.9979,24,74,98
2011-06-08 14:00:00,2,0,1,1,37.72,43.94,40,16.9979,44,111,155
2012-08-07 03:00:00,3,0,1,1,28.7,33.335,84,0,0,6,6
2012-04-14 17:00:00,2,0,0,2,25.42,31.06,33,16.9979,251,309,560
2011-01-02 10:00:00,1,0,0,2,14.76,17.425,81,15.0013,7,46,53
2012-07-01 22:00:00,3,0,0,1,33.62,37.12,43,8.9981,41,110,151
2012-07-05 08:00:00,3,0,1,1,32.8,37.12,49,8.9981,36,514,550
2012-06-04 10:00:00,2,0,1,1,26.24,31.06,41,31.0009,67,120,187
2011-02-02 07:00:00,1,0,1,3,9.02,10.605,93,15.0013,1,48,49
2012-09-16 12:00:00,3,0,0,1,27.06,31.06,44,11.0014,188,468,656
2012-10-11 04:00:00,4,0,1,1,16.4,20.455,50,16.9979,0,10,10
2012-12-02 19:00:00,4,0,0,2,16.4,20.455,82,12.998,16,158,174
2011-02-13 21:00:00,1,0,0,1,16.4,20.455,35,23.9994,6,45,51
2012-10-06 05:00:00,4,0,0,1,22.14,25.76,83,12.998,2,8,10
2012-01-09 23:00:00,1,0,1,2,9.02,12.12,87,7.0015,1,51,52
2011-10-18 14:00:00,4,0,1,2,25.42,31.06,41,11.0014,32,137,169
2012-02-08 16:00:00,1,0,1,3,10.66,13.635,81,7.0015,2,73,75
2012-12-19 22:00:00,4,0,1,1,13.94,17.425,61,6.0032,12,117,129
2011-05-07 02:00:00,2,0,0,1,17.22,21.21,82,6.0032,5,47,52
2011-09-04 20:00:00,3,0,0,1,30.34,34.85,70,19.9995,104,125,229
2012-05-14 20:00:00,2,0,1,2,23.78,27.275,88,12.998,11,178,189
2011-02-14 12:00:00,1,0,1,1,22.96,26.515,22,30.0026,27,99,126
2011-07-02 13:00:00,3,0,0,1,33.62,35.605,30,7.0015,178,226,404
2011-02-10 10:00:00,1,0,1,1,4.92,5.305,42,19.9995,1,34,35
2012-07-13 15:00:00,3,0,1,2,32.8,35.605,36,7.0015,92,261,353
2012-11-10 11:00:00,4,0,0,1,16.4,20.455,58,7.0015,143,323,466
2012-12-08 07:00:00,4,0,0,2,14.76,18.18,100,6.0032,3,36,39
2011-04-07 00:00:00,2,0,1,1,18.86,22.725,41,19.0012,5,15,20
2012-03-01 11:00:00,1,0,1,1,22.96,26.515,43,12.998,19,149,168
2011-07-08 14:00:00,3,0,1,2,32.8,39.395,63,23.9994,53,163,216
2011-05-10 11:00:00,2,0,1,2,22.96,26.515,43,8.9981,17,108,125
2011-02-12 17:00:00,1,0,0,1,13.12,14.395,31,35.0008,24,113,137
2011-12-15 09:00:00,4,0,1,2,14.76,16.665,62,19.0012,6,274,280
2011-12-03 09:00:00,4,0,0,1,10.66,13.635,70,7.0015,25,99,124
2011-09-13 19:00:00,3,0,1,1,27.88,31.82,69,11.0014,55,341,396
2012-11-06 17:00:00,4,0,1,1,13.12,15.15,53,15.0013,30,597,627
2012-03-11 22:00:00,1,0,0,1,16.4,20.455,54,12.998,13,81,94
2011-08-18 07:00:00,3,0,1,1,26.24,29.545,78,19.9995,19,289,308
2012-10-07 08:00:00,4,0,0,3,17.22,21.21,67,8.9981,11,51,62
2012-10-19 13:00:00,4,0,1,1,25.42,29.545,73,15.0013,87,288,375
2011-11-12 16:00:00,4,0,0,1,21.32,25,32,16.9979,137,224,361
2012-02-14 23:00:00,1,0,1,2,14.76,18.18,50,6.0032,2,55,57
2012-04-01 00:00:00,2,0,0,2,14.76,16.665,76,16.9979,8,59,67
2011-02-04 07:00:00,1,0,1,1,5.74,10.605,59,0,0,87,87
2011-09-11 14:00:00,3,0,0,1,29.52,33.335,58,19.0012,120,222,342
2011-03-14 20:00:00,1,0,1,1,13.94,15.91,46,15.0013,23,106,129
2012-11-12 12:00:00,4,1,0,1,22.96,26.515,64,15.0013,105,314,419
2012-02-01 06:00:00,1,0,1,3,16.4,20.455,54,11.0014,0,67,67
2011-10-18 05:00:00,4,0,1,2,18.86,22.725,88,0,2,19,21
2012-09-01 13:00:00,3,0,0,2,33.62,38.635,52,6.0032,237,267,504
2012-08-15 10:00:00,3,0,1,2,29.52,34.09,62,12.998,70,163,233
2011-10-02 11:00:00,4,0,0,2,15.58,19.695,66,16.9979,74,218,292
2011-12-19 05:00:00,4,0,1,1,5.74,8.335,93,7.0015,0,21,21
2012-12-12 04:00:00,4,0,1,1,10.66,15.15,60,0,0,4,4
2011-10-12 08:00:00,4,0,1,2,22.14,25.76,88,26.0027,27,377,404
2011-01-06 10:00:00,1,0,1,1,8.2,12.88,47,0,3,42,45
